/home/jiyang/newchem/run
saskatchewan.cm.utexas.edu
Wed Sep  9 11:08:48 PM CDT 2026
Python 3.11.2
2026-09-09 23:08:55 - mpelectroml.utils - INFO - Logging configured. Level: INFO. Output to console and file: full_mp_interstitial.log
2026-09-09 23:08:55 - __main__ - INFO - Loading cached materials from ./mp_materials.h5
2026-09-09 23:08:56 - __main__ - INFO - shard 1/1: 40055 materials -> Li_Na_intercalation_data.h5
2026-09-09 23:08:56 - mpelectroml.intercalation - INFO - Resuming from ./Li_Na_intercalation_data.h5.
2026-09-09 23:08:56 - mpelectroml.intercalation - INFO - Starting intercalation (Li -> Na) with model 'uma-s-1p2'.
2026-09-09 23:08:56 - mpelectroml.intercalation - INFO - Processing DataFrame rows from index 16034 to 16034.
2026-09-09 23:08:56 - mpelectroml.intercalation - INFO - Skipping 1 row(s) already completed.
2026-09-09 23:08:56 - mpelectroml.intercalation - INFO - All specified rows (16034 to 16034) processed.
2026-09-09 23:08:57 - mpelectroml.intercalation - INFO - Final DataFrame saved to ./Li_Na_intercalation_data.h5 (key: intercalation_data).
2026-09-09 23:08:57 - mpelectroml.intercalation - INFO - Resuming from ./Li_Na_intercalation_data.h5.
2026-09-09 23:08:57 - mpelectroml.intercalation - INFO - Starting intercalation (Li -> Na) with model 'uma-s-1p2'.
2026-09-09 23:08:57 - mpelectroml.intercalation - INFO - Processing DataFrame rows from index 12098 to 12098.
2026-09-09 23:08:57 - mpelectroml.intercalation - INFO - Processing row 12098...
2026-09-09 23:08:57 - mpelectroml.intercalation - INFO - CUDATrue
2026-09-09 23:08:57 - mpelectroml.calculations - INFO - Initializing FAIRChem predictor: uma-s-1p2 on cuda...
2026-09-09 23:08:57 - httpx - INFO - HTTP Request: HEAD https://huggingface.co/facebook/UMA/resolve/main/checkpoints/uma-s-1p2.pt "HTTP/1.1 302 Found"
2026-09-09 23:08:57 - httpx - INFO - HTTP Request: HEAD https://huggingface.co/facebook/UMA/resolve/main/references/iso_atom_elem_refs.yaml "HTTP/1.1 200 OK"
2026-09-09 23:08:58 - httpx - INFO - HTTP Request: HEAD https://huggingface.co/facebook/UMA/resolve/main/references/form_elem_refs.yaml "HTTP/1.1 200 OK"
2026-09-09 23:09:02 - mpelectroml.calculations - INFO - FAIRChem predictor initialized successfully.
2026-09-09 23:09:07 - mpelectroml.intercalation - INFO - 1 candidates
2026-09-09 23:09:55 - mpelectroml.intercalation - INFO - -25.6350561460988 0 inf None
2026-09-09 23:09:57 - mpelectroml.intercalation - INFO - 9 1 sites
2026-09-09 23:10:05 - mpelectroml.intercalation - INFO - 1.376033111846576 1.376033111846576
2026-09-09 23:10:05 - mpelectroml.intercalation - INFO - stopped - failed checks
2026-09-09 23:10:05 - mpelectroml.intercalation - INFO - 8 intercalated [(8, '{"@module":"pymatgen.core.structure","@class":"Structure","charge":0.0,"lattice":{"matrix":[[4.425429199581372,6.001231241390578e-6,-1.9591788072252039],[-0.8673498342604208,4.3396029384862,-1.959174092475318],[0.01590248344744124,0.019387571100335343,6.0136309236111885]],"pbc":[true,true,true],"a":4.839711272299599,"b":4.839712028967853,"c":6.01368320185772,"alpha":113.72778353150896,"beta":113.72777513845881,"gamma":89.99999236356237,"volume":115.8256838400536},"properties":{"charge":0,"spin":0},"sites":[{"species":[{"element":"Li","occu":1}],"abc":[0.9736043066782593,0.829509992113707,0.570259386483136],"properties":{},"label":"Li","xyz":[3.5982101138892553,3.610805786505965,-0.10328992923128277]},{"species":[{"element":"Li","occu":1}],"abc":[0.7407491789765065,0.47360438044547604,0.07025919229672323],"properties":{},"label":"Li","xyz":[2.868469660966696,2.0566215615543437,-1.956620673708322]},{"species":[{"element":"Li","occu":1}],"abc":[0.32951018156887424,0.09665503373602874,0.07025944103324952],"properties":{},"label":"Li","xyz":[1.3755075511809336,0.42080860579565105,-0.41241905522443656]},{"species":[{"element":"Li","occu":1}],"abc":[0.5966546771096632,0.24074900107720468,0.5702591858626714],"properties":{},"label":"Li","xyz":[2.4407079612291565,1.0558145936864751,1.78870587025228]},{"species":[{"element":"Li","occu":1}],"abc":[0.026339383483203516,0.17034046237436087,0.4294281444740386],"properties":{},"label":"Li","xyz":[-0.024352721083341404,0.7475356978150809,2.197092186378267]},{"species":[{"element":"Li","occu":1}],"abc":[0.2590878713400803,0.5263393241294234,0.9294283545330023],"properties":{},"label":"Li","xyz":[0.7048349245609196,2.30212459078529,4.050449259676815]},{"species":[{"element":"Li","occu":1}],"abc":[0.6703403018032639,0.9030887740553919,0.9294280740434697],"properties":{},"label":"Li","xyz":[2.198029861320026,3.937070073340006,2.506612765083677]},{"species":[{"element":"Li","occu":1}],"abc":[0.4030891500806485,0.7590880519298916,0.4294283535059659],"properties":{},"label":"Li","xyz":[1.1322765760543732,3.3024687324920206,0.3055142606098853]},{"species":[{"element":"H","occu":1}],"abc":[0.8753791361812756,0.6253790800796497,0.7507580626612196],"properties":{},"label":"H","xyz":[3.34344486616842,2.7284575222530587,1.5745311582083783]},{"species":[{"element":"H","occu":1}],"abc":[0.12537901483239508,0.3753790531952592,0.2507581912366298],"properties":{},"label":"H","xyz":[0.23325867166573616,1.6338583869823669,0.526894388560936]},{"species":[{"element":"N","occu":1}],"abc":[0.3749335281144375,0.12493346102855934,0.7498668574107417],"properties":{},"label":"N","xyz":[1.5628055117907522,0.5567019616714255,3.530094299785968]},{"species":[{"element":"N","occu":1}],"abc":[0.6249332960602083,0.8749333861094206,0.24986678338596008],"properties":{},"label":"N","xyz":[2.0106982311314225,3.8017115537378503,-1.4358962769247674]}]}')]
2026-09-09 23:10:11 - mpelectroml.intercalation - INFO - All specified rows (12098 to 12098) processed.
2026-09-09 23:10:12 - mpelectroml.intercalation - INFO - Final DataFrame saved to ./Li_Na_intercalation_data.h5 (key: intercalation_data).
2026-09-09 23:10:12 - mpelectroml.intercalation - INFO - Resuming from ./Li_Na_intercalation_data.h5.
2026-09-09 23:10:12 - mpelectroml.intercalation - INFO - Starting intercalation (Li -> Na) with model 'uma-s-1p2'.
2026-09-09 23:10:12 - mpelectroml.intercalation - INFO - Processing DataFrame rows from index 2731 to 2731.
2026-09-09 23:10:12 - mpelectroml.intercalation - INFO - Processing row 2731...
2026-09-09 23:10:12 - mpelectroml.intercalation - INFO - CUDATrue
2026-09-09 23:10:15 - mpelectroml.intercalation - INFO - first ion6
2026-09-09 23:10:42 - mpelectroml.intercalation - INFO - dE -1.5657685181139573-1.5657685181139573
2026-09-09 23:11:11 - mpelectroml.intercalation - INFO - dE -1.5658767601488695-1.5658767601488695
2026-09-09 23:11:40 - mpelectroml.intercalation - INFO - dE -1.5658767601488695-1.0840745946405992
2026-09-09 23:12:22 - mpelectroml.intercalation - INFO - dE -1.5658767601488695-1.5381003996370897
2026-09-09 23:12:59 - mpelectroml.intercalation - INFO - dE -1.5658767601488695-1.538139857911931
2026-09-09 23:13:34 - mpelectroml.intercalation - INFO - dE -1.5658767601488695-1.5378672262667283
2026-09-09 23:13:34 - mpelectroml.intercalation - INFO - first ion success
2026-09-09 23:13:34 - mpelectroml.intercalation - INFO - 1 6 sites
2026-09-09 23:15:19 - mpelectroml.intercalation - INFO - stopped - failed checks
2026-09-09 23:15:19 - mpelectroml.intercalation - INFO - 0 intercalated [(0, '{"@module":"pymatgen.core.structure","@class":"Structure","charge":0.0,"lattice":{"matrix":[[0.48185208797685597,2.1873331717571944,-3.757804612272355],[0.481852811314595,-2.1873339211329608,-3.7578049557159368],[-9.039341258221116,1.29805699257699e-6,-3.705478433997663]],"pbc":[true,true,true],"a":4.37466608359683,"b":4.37466683297299,"c":9.769353141708102,"alpha":77.06198009236861,"beta":77.06196278289924,"gamma":60.000009597336884,"volume":156.40998225224442},"properties":{"charge":0,"spin":0},"sites":[{"species":[{"element":"In","occu":1}],"abc":[0.5985905911243209,0.5985907533704246,0.20422828264625612],"properties":{"magmom":0.0},"label":"In","xyz":[-1.2692243779049315,-5.383557387202743e-7,-5.255537280609007]},{"species":[{"element":"In","occu":1}],"abc":[0.4014094302146366,0.401409380065681,0.7957717116144666],"properties":{"magmom":0.0},"label":"In","xyz":[-6.806411854566663,8.418430471207353e-7,-5.965551281724672]},{"species":[{"element":"Te","occu":1}],"abc":[0.21220552888049213,0.21220570319633286,0.3633836716085315],"properties":{"magmom":-0.0},"label":"Te","xyz":[-3.0802454235014305,-6.861591630445185e-8,-2.941364916691475]},{"species":[{"element":"Te","occu":1}],"abc":[0.7877945913196946,0.7877943117020297,0.636616356578607],"properties":{"magmom":-0.0},"label":"Te","xyz":[-4.99539112512387,8.476273410286835e-7,-8.279723697415271]},{"species":[{"element":"Te","occu":1}],"abc":[-1.4600293601629505e-7,-1.5628460040696596e-7,-1.2808042750425163e-8],"properties":{"magmom":-0.0},"label":"Te","xyz":[-2.988172437049967e-8,2.248952607291193e-8,1.1833974784721412e-6]}]}')]
2026-09-09 23:15:19 - mpelectroml.intercalation - INFO - All specified rows (2731 to 2731) processed.
2026-09-09 23:15:19 - mpelectroml.intercalation - INFO - Final DataFrame saved to ./Li_Na_intercalation_data.h5 (key: intercalation_data).
2026-09-09 23:15:20 - mpelectroml.intercalation - INFO - Resuming from ./Li_Na_intercalation_data.h5.
2026-09-09 23:15:20 - mpelectroml.intercalation - INFO - Starting intercalation (Li -> Na) with model 'uma-s-1p2'.
2026-09-09 23:15:20 - mpelectroml.intercalation - INFO - Processing DataFrame rows from index 12013 to 12013.
2026-09-09 23:15:20 - mpelectroml.intercalation - INFO - Processing row 12013...
2026-09-09 23:15:20 - mpelectroml.intercalation - INFO - CUDATrue
2026-09-09 23:15:27 - mpelectroml.intercalation - INFO - 1 candidates
2026-09-09 23:20:26 - mpelectroml.intercalation - INFO - -58.435476051296185 0 inf None
2026-09-09 23:20:29 - mpelectroml.intercalation - INFO - 5 12 sites
2026-09-09 23:24:30 - mpelectroml.intercalation - INFO - 2.7898943865658214 2.7898943865658214
2026-09-09 23:25:24 - mpelectroml.intercalation - INFO - 2.748259826934474 2.748259826934474
2026-09-09 23:26:32 - mpelectroml.intercalation - INFO - 2.718369766509669 2.718369766509669
2026-09-09 23:30:32 - mpelectroml.intercalation - INFO - 2.7910025561214855 2.718369766509669
2026-09-09 23:32:31 - mpelectroml.intercalation - INFO - 2.5276501620174816 2.5276501620174816
2026-09-09 23:36:23 - mpelectroml.intercalation - INFO - 2.7909596407772472 2.5276501620174816
2026-09-09 23:37:35 - mpelectroml.intercalation - INFO - 2.717888160979884 2.5276501620174816
2026-09-09 23:38:20 - mpelectroml.intercalation - INFO - 2.7489426577450207 2.5276501620174816
2026-09-09 23:39:53 - mpelectroml.intercalation - INFO - 2.3721459353329113 2.3721459353329113
2026-09-09 23:40:57 - mpelectroml.intercalation - INFO - 2.7551186526180675 2.3721459353329113
2026-09-09 23:42:06 - mpelectroml.intercalation - INFO - 2.7460101092220714 2.3721459353329113
2026-09-09 23:43:52 - mpelectroml.intercalation - INFO - 2.5265181506039074 2.3721459353329113
2026-09-09 23:43:52 - mpelectroml.intercalation - INFO - stopped - failed checks
2026-09-09 23:43:52 - mpelectroml.intercalation - INFO - 4 intercalated [(4, '{"@module":"pymatgen.core.structure","@class":"Structure","charge":0.0,"lattice":{"matrix":[[2.720200654042881,-4.5568757484511915,5.163345573640429e-10],[2.7201501138178306,4.556845637406505,6.88523390531959e-9],[6.437433742041328e-9,3.30496047538529e-9,4.737707440205566]],"pbc":[true,true,true],"a":5.307033840581566,"b":5.306982080698394,"c":4.737707440205566,"alpha":89.99999985144208,"beta":89.99999998884067,"gamma":118.33061113599214,"volume":117.45212882952791},"properties":{"charge":0,"spin":0},"sites":[{"species":[{"element":"Li","occu":1}],"abc":[0.3250741376618601,0.9938204119328109,0.5011173891418869],"properties":{"magmom":-0.0},"label":"Li","xyz":[3.5876075917396464,3.0473637557777242,2.374147589964438]},{"species":[{"element":"Li","occu":1}],"abc":[0.99429846853254,0.32510263403838235,0.5015637482157533],"properties":{"magmom":-0.0},"label":"Li","xyz":[3.589019314626816,-3.0494520566932772,2.376262304410964]},{"species":[{"element":"Li","occu":1}],"abc":[0.6749258614891965,0.006179594490227364,0.0011173948491456428],"properties":{"magmom":-0.0},"label":"Li","xyz":[1.8527431945165005,-3.0473938320252207,0.005293890281480186]},{"species":[{"element":"Li","occu":1}],"abc":[0.005701530922007519,0.6748973623303254,0.0015637417686232584],"properties":{"magmom":-0.0},"label":"Li","xyz":[1.8513314451113452,3.0494219332497283,0.007408555661536721]},{"species":[{"element":"P","occu":1}],"abc":[0.6548000653958901,0.6547220663478514,0.49897300903323155],"properties":{"magmom":0.0},"label":"P","xyz":[3.5621298726644803,-0.00037514468672096855,2.3639881422045104]},{"species":[{"element":"P","occu":1}],"abc":[0.3452000130298919,0.34527793509986404,0.9989728620838408],"properties":{"magmom":0.0},"label":"P","xyz":[1.8782211221110252,0.0003446878131580222,4.732841163813619]},{"species":[{"element":"N","occu":1}],"abc":[0.3862738362438838,0.38606050255612673,0.3425058062433082],"properties":{"magmom":-0.0},"label":"N","xyz":[2.1008848641637408,-0.0009837586611435637,1.6226923094100902]},{"species":[{"element":"N","occu":1}],"abc":[0.6137261236119765,0.6139394602112944,0.8425057402424442],"properties":{"magmom":-0.0},"label":"N","xyz":[3.3394657008470854,0.0009536648016159053,3.99154571850653]},{"species":[{"element":"O","occu":1}],"abc":[0.9462681767955262,0.6671863939688403,0.4184687171593109],"properties":{"magmom":-0.0},"label":"O","xyz":[4.388886461605068,-1.2717610962937473,1.982582359861271]},{"species":[{"element":"O","occu":1}],"abc":[0.6674298311128394,0.9462126102336378,0.41837241707024075],"properties":{"magmom":-0.0},"label":"O","xyz":[4.389383405237017,1.2703499951939066,1.982126119989978]},{"species":[{"element":"O","occu":1}],"abc":[0.05373179827724545,0.33281358096748603,0.9184687218313478],"properties":{"magmom":-0.0},"label":"O","xyz":[1.0514641788780716,1.271730989046577,4.351436099335715]},{"species":[{"element":"O","occu":1}],"abc":[0.33257015861287925,0.053787471936677614,0.9183724810281064],"properties":{"magmom":-0.0},"label":"O","xyz":[1.0509675667963878,-1.2703796805646366,4.350980136788961]}]}')]
2026-09-09 23:44:44 - mpelectroml.intercalation - INFO - All specified rows (12013 to 12013) processed.
2026-09-09 23:44:44 - mpelectroml.intercalation - INFO - Final DataFrame saved to ./Li_Na_intercalation_data.h5 (key: intercalation_data).
2026-09-09 23:44:45 - mpelectroml.intercalation - INFO - Resuming from ./Li_Na_intercalation_data.h5.
2026-09-09 23:44:45 - mpelectroml.intercalation - INFO - Starting intercalation (Li -> Na) with model 'uma-s-1p2'.
2026-09-09 23:44:45 - mpelectroml.intercalation - INFO - Processing DataFrame rows from index 9486 to 9486.
2026-09-09 23:44:45 - mpelectroml.intercalation - INFO - Processing row 9486...
2026-09-09 23:44:45 - mpelectroml.intercalation - INFO - CUDATrue
2026-09-09 23:45:33 - mpelectroml.intercalation - INFO - first ion24
2026-09-09 23:45:50 - mpelectroml.intercalation - INFO - dE -2.557717934810986-2.557717934810986
2026-09-09 23:46:19 - mpelectroml.intercalation - INFO - dE -2.557717934810986-2.5524135982631346
2026-09-09 23:46:34 - mpelectroml.intercalation - INFO - dE -2.5690517580150267-2.5690517580150267
2026-09-09 23:47:06 - mpelectroml.intercalation - INFO - dE -2.5690517580150267-2.5515910541652342
2026-09-09 23:47:44 - mpelectroml.intercalation - INFO - dE -2.5690517580150267-2.5540636932490965
2026-09-09 23:48:20 - mpelectroml.intercalation - INFO - dE -2.5690517580150267-2.534740344250073
2026-09-09 23:48:53 - mpelectroml.intercalation - INFO - dE -2.5690517580150267-2.5359217083095213
2026-09-09 23:49:11 - mpelectroml.intercalation - INFO - dE -2.5690517580150267-2.559952155315747
2026-09-09 23:49:36 - mpelectroml.intercalation - INFO - dE -2.5690517580150267-2.5401938116191527
2026-09-09 23:50:01 - mpelectroml.intercalation - INFO - dE -2.5690517580150267-2.5366602098582884
2026-09-09 23:50:18 - mpelectroml.intercalation - INFO - dE -2.5690517580150267-2.524116531574597
2026-09-09 23:50:34 - mpelectroml.intercalation - INFO - dE -2.5690517580150267-2.5265572225688597
2026-09-09 23:50:47 - mpelectroml.intercalation - INFO - dE -2.5690517580150267-1.4139520084499022
2026-09-09 23:51:01 - mpelectroml.intercalation - INFO - dE -2.5690517580150267-1.4169936334727904
2026-09-09 23:51:37 - mpelectroml.intercalation - INFO - dE -2.5690517580150267-1.6303654467700621
2026-09-09 23:51:58 - mpelectroml.intercalation - INFO - dE -2.5690517580150267-1.9205049430965087
2026-09-09 23:52:21 - mpelectroml.intercalation - INFO - dE -2.5690517580150267-2.539401308262219
2026-09-09 23:52:44 - mpelectroml.intercalation - INFO - dE -2.5690517580150267-2.5401020204661986
2026-09-09 23:53:19 - mpelectroml.intercalation - INFO - dE -2.5690517580150267-2.5359537756084105
2026-09-09 23:53:35 - mpelectroml.intercalation - INFO - dE -2.5690517580150267-1.9163075840114256
2026-09-09 23:54:09 - mpelectroml.intercalation - INFO - dE -2.5690517580150267-2.53527189847218
2026-09-09 23:54:34 - mpelectroml.intercalation - INFO - dE -2.5690517580150267-2.542730704510083
2026-09-09 23:54:52 - mpelectroml.intercalation - INFO - dE -2.5690517580150267-2.510024086201062
2026-09-09 23:55:09 - mpelectroml.intercalation - INFO - dE -2.5690517580150267-2.5116503393291136
2026-09-09 23:55:09 - mpelectroml.intercalation - INFO - first ion success
2026-09-09 23:55:09 - mpelectroml.intercalation - INFO - 1 24 sites
2026-09-09 23:55:49 - mpelectroml.intercalation - INFO - stopped - failed checks
2026-09-09 23:55:49 - mpelectroml.intercalation - INFO - 0 intercalated [(0, '{"@module":"pymatgen.core.structure","@class":"Structure","charge":0.0,"lattice":{"matrix":[[3.5432453656984557,0.21016090586069067,0.961715507872282],[0.3969434087093419,5.447570212454066,0.6427769035056691],[0.4821684805095788,0.5629842850880326,8.93944427180543]],"pbc":[true,true,true],"a":3.6774518414219663,"b":5.499704304507194,"c":8.970122721432963,"alpha":79.48331050295624,"beta":71.57879319568627,"gamma":80.98384669818371,"volume":168.27586275277034},"properties":{"charge":0,"spin":0},"sites":[{"species":[{"element":"V","occu":1}],"abc":[0.16674695915938623,0.39196275348294396,0.14233542670063548],"properties":{},"label":"V","xyz":[0.8150420781553521,2.250420920695371,1.6847073563814279]},{"species":[{"element":"V","occu":1}],"abc":[0.8343098621732117,0.608098384416915,0.8577310340551721],"properties":{},"label":"V","xyz":[3.6111160676191356,3.9708870545992276,8.860879108519326]},{"species":[{"element":"Hg","occu":1}],"abc":[0.2974402198527302,0.18213064657121592,0.5719980833000569],"properties":{},"label":"Hg","xyz":[1.4019986869251109,1.3767057230784152,5.516467234374222]},{"species":[{"element":"Hg","occu":1}],"abc":[0.7010024759378154,0.817918109669287,0.42757954216636906],"properties":{},"label":"Hg","xyz":[3.0146563548503753,4.843710208679625,5.022227310981034]},{"species":[{"element":"O","occu":1}],"abc":[-0.007347991373086497,0.4888098001155955,0.3301308651386216],"properties":{},"label":"O","xyz":[0.32717278950173745,2.84713993523768,3.2583154437759405]},{"species":[{"element":"O","occu":1}],"abc":[1.0072364655064114,0.5110014445128714,0.6700483711584055],"properties":{},"label":"O","xyz":[4.094800798797788,3.372624678867081,7.286994928547456]},{"species":[{"element":"O","occu":1}],"abc":[0.21055272844645315,0.08726596919092261,0.17728300128430535],"properties":{},"label":"O","xyz":[0.8661599059274611,0.6194449902034562,1.843395883949196]},{"species":[{"element":"O","occu":1}],"abc":[0.7897888711006573,0.91281802862634,0.8227903693921634],"properties":{},"label":"O","xyz":[3.5574764394096348,5.601841094614665,8.701579205746482]},{"species":[{"element":"O","occu":1}],"abc":[0.6863311121638362,0.47676352530232735,0.09016287447725009],"properties":{},"label":"O","xyz":[2.66456136757604,2.792203028503333,1.7725138483766338]},{"species":[{"element":"O","occu":1}],"abc":[0.313939369536943,0.5232303961216804,0.9099406281348599],"properties":{},"label":"O","xyz":[1.7588017632206645,3.428594376453285,8.772604309917671]}]}')]
2026-09-09 23:55:49 - mpelectroml.intercalation - INFO - All specified rows (9486 to 9486) processed.
2026-09-09 23:55:49 - mpelectroml.intercalation - INFO - Final DataFrame saved to ./Li_Na_intercalation_data.h5 (key: intercalation_data).
2026-09-09 23:55:50 - mpelectroml.intercalation - INFO - Resuming from ./Li_Na_intercalation_data.h5.
2026-09-09 23:55:50 - mpelectroml.intercalation - INFO - Starting intercalation (Li -> Na) with model 'uma-s-1p2'.
2026-09-09 23:55:50 - mpelectroml.intercalation - INFO - Processing DataFrame rows from index 9356 to 9356.
2026-09-09 23:55:50 - mpelectroml.intercalation - INFO - Processing row 9356...
2026-09-09 23:55:50 - mpelectroml.intercalation - INFO - CUDATrue
2026-09-09 23:55:55 - mpelectroml.intercalation - INFO - first ion20
2026-09-09 23:56:52 - mpelectroml.intercalation - INFO - dE -1.3141834294437142-1.3141834294437142
2026-09-09 23:57:57 - mpelectroml.intercalation - INFO - dE -1.3141834294437142-1.225630000793812
2026-09-09 23:59:07 - mpelectroml.intercalation - INFO - dE -1.3141834294437142-1.225717261993763
2026-09-09 23:59:58 - mpelectroml.intercalation - INFO - dE -1.3145920788882943-1.3145920788882943
2026-09-10 00:00:49 - mpelectroml.intercalation - INFO - dE -1.3156768834232064-1.3156768834232064
2026-09-10 00:01:42 - mpelectroml.intercalation - INFO - dE -1.3156768834232064-1.3131577527164193
2026-09-10 00:02:18 - mpelectroml.intercalation - INFO - dE -1.3156768834232064-1.1369587933658334
2026-09-10 00:03:01 - mpelectroml.intercalation - INFO - dE -1.3156768834232064-1.2163421666263314
2026-09-10 00:03:45 - mpelectroml.intercalation - INFO - dE -1.3156768834232064-1.2204205548404428
2026-09-10 00:04:48 - mpelectroml.intercalation - INFO - dE -1.3156768834232064-0.44592948313938585
2026-09-10 00:05:44 - mpelectroml.intercalation - INFO - dE -1.3156768834232064-0.43211837168919054
2026-09-10 00:06:51 - mpelectroml.intercalation - INFO - dE -1.3156768834232064-0.4487123047946593
2026-09-10 00:08:07 - mpelectroml.intercalation - INFO - dE -1.3156768834232064-1.102872089111683
2026-09-10 00:09:11 - mpelectroml.intercalation - INFO - dE -1.3156768834232064-0.4308905160068175
2026-09-10 00:10:02 - mpelectroml.intercalation - INFO - dE -1.3156768834232064-1.0481044804690978
2026-09-10 00:11:01 - mpelectroml.intercalation - INFO - dE -1.3156768834232064-0.36428137179600206
2026-09-10 00:12:09 - mpelectroml.intercalation - INFO - dE -1.3156768834232064-0.36406846400486437
2026-09-10 00:13:23 - mpelectroml.intercalation - INFO - dE -1.3156768834232064-0.43343515750156847
2026-09-10 00:14:27 - mpelectroml.intercalation - INFO - dE -1.3156768834232064-0.43735142108189073
2026-09-10 00:15:38 - mpelectroml.intercalation - INFO - dE -1.3156768834232064-1.1107461011050912
2026-09-10 00:15:38 - mpelectroml.intercalation - INFO - first ion fail
2026-09-10 00:15:38 - mpelectroml.intercalation - INFO - 1 20 sites
2026-09-10 00:15:45 - mpelectroml.intercalation - INFO - stopped - failed checks
2026-09-10 00:15:45 - mpelectroml.intercalation - INFO - 0 intercalated [(0, '{"@module":"pymatgen.core.structure","@class":"Structure","charge":0.0,"lattice":{"matrix":[[2.1260034752776296,11.220659064022833,0.23089739403892937],[-2.1260030375089576,11.22065897906221,0.2308974086536308],[3.090419402337245e-9,0.2814895456378644,4.229559576550074]],"pbc":[true,true,true],"a":11.422626414905823,"b":11.422626250264413,"c":4.23891620298041,"alpha":85.10089895398248,"beta":85.10089905417259,"gamma":21.45312116893329,"volume":201.5172606791502},"properties":{"charge":0,"spin":0},"sites":[{"species":[{"element":"La","occu":1}],"abc":[0.32081917983365305,0.28616730368775645,0.7258608185468994],"properties":{"magmom":0.0},"label":"La","xyz":[0.07367013662936102,7.0151105957599915,3.2102231777717107]},{"species":[{"element":"La","occu":1}],"abc":[0.7138327369353755,0.6791808055170123,0.2741392486293],"properties":{"magmom":0.0},"label":"La","xyz":[0.0736704247918068,15.707697306259483,1.4811314910875162]},{"species":[{"element":"I","occu":1}],"abc":[0.9173746931496731,0.8919936908985213,0.17612365515756884],"properties":{"magmom":-0.0},"label":"I","xyz":[0.05396049002316763,20.351882650508763,1.1627039500980765]},{"species":[{"element":"I","occu":1}],"abc":[0.10800635216133633,0.08262526055963905,0.8238763289052656],"properties":{"magmom":-0.0},"label":"I","xyz":[0.05396032766842226,2.370924899632344,3.52865036062044]},{"species":[{"element":"O","occu":1}],"abc":[0.5773082932777405,0.653616365494461,0.8365363152934492],"properties":{"magmom":-0.0},"label":"O","xyz":[-0.16223093800646787,14.047262101351386,3.8223974890024883]},{"species":[{"element":"O","occu":1}],"abc":[0.34638357515831925,0.42269176166370315,0.1634636581602862],"properties":{"magmom":-0.0},"label":"O","xyz":[-0.16223128415619723,8.675545423980125,0.868956778059077]},{"species":[{"element":"O","occu":1}],"abc":[0.10699463507166457,0.12418252630297721,0.3637112414038362],"properties":{"magmom":-0.0},"label":"O","xyz":[-0.036541461003224654,2.696341012708968,1.5917165701161238]},{"species":[{"element":"O","occu":1}],"abc":[0.8758174161065392,0.8930053798591951,0.6362887346051165],"properties":{"magmom":-0.0},"label":"O","xyz":[-0.03654127777491433,20.026466089131315,3.099637698056147]},{"species":[{"element":"O","occu":1}],"abc":[0.266596725044474,0.23313352471845794,0.24953081400781812],"properties":{"magmom":-0.0},"label":"O","xyz":[0.07114298301673,5.677543052219374,1.170791859830964]},{"species":[{"element":"O","occu":1}],"abc":[0.7668664895522483,0.7334032550560579,0.7504692595391208],"properties":{"magmom":-0.0},"label":"O","xyz":[0.07114327621316495,17.045264496890866,3.5205628286941093]}]}')]
2026-09-10 00:15:45 - mpelectroml.intercalation - INFO - All specified rows (9356 to 9356) processed.
2026-09-10 00:15:45 - mpelectroml.intercalation - INFO - Final DataFrame saved to ./Li_Na_intercalation_data.h5 (key: intercalation_data).
2026-09-10 00:15:46 - mpelectroml.intercalation - INFO - Resuming from ./Li_Na_intercalation_data.h5.
2026-09-10 00:15:46 - mpelectroml.intercalation - INFO - Starting intercalation (Li -> Na) with model 'uma-s-1p2'.
2026-09-10 00:15:46 - mpelectroml.intercalation - INFO - Processing DataFrame rows from index 12309 to 12309.
2026-09-10 00:15:46 - mpelectroml.intercalation - INFO - Processing row 12309...
2026-09-10 00:15:46 - mpelectroml.intercalation - INFO - CUDATrue
2026-09-10 00:15:50 - mpelectroml.intercalation - INFO - 1 candidates
2026-09-10 00:15:55 - mpelectroml.intercalation - INFO - -65.57011818649178 0 -65.57011818649178 0
2026-09-10 00:15:56 - mpelectroml.intercalation - INFO - 2 8 sites
2026-09-10 00:16:02 - mpelectroml.intercalation - INFO - -0.6322075879214832 -0.6322075879214832
2026-09-10 00:16:08 - mpelectroml.intercalation - INFO - -0.6316430127261707 -0.6322075879214832
2026-09-10 00:16:20 - mpelectroml.intercalation - INFO - -0.6369425809024403 -0.6369425809024403
2026-09-10 00:16:26 - mpelectroml.intercalation - INFO - -0.6279637372134754 -0.6369425809024403
2026-09-10 00:16:31 - mpelectroml.intercalation - INFO - -0.6341063534854481 -0.6369425809024403
2026-09-10 00:16:45 - mpelectroml.intercalation - INFO - -0.6372038876651356 -0.6372038876651356
2026-09-10 00:16:57 - mpelectroml.intercalation - INFO - -0.6386887585757801 -0.6386887585757801
2026-09-10 00:17:09 - mpelectroml.intercalation - INFO - -0.6347167050479481 -0.6386887585757801
2026-09-10 00:17:09 - mpelectroml.intercalation - INFO - 2 intercalating [(1, '{"@module":"pymatgen.core.structure","@class":"Structure","charge":0.0,"lattice":{"matrix":[[5.956263808695877,-0.00014076146738054073,-2.6251356946178865],[-1.1570825559407734,5.842858208888747,-2.624979945663948],[0.003328739575756983,0.004254542402371539,8.077239766623197]],"pbc":[true,true,true],"a":6.509102549027096,"b":6.509097618378369,"c":8.077241573034533,"alpha":113.75828101845049,"beta":113.76116582709034,"gamma":90.0024109878832,"volume":281.2300930599835},"properties":{"charge":0,"spin":0},"sites":[{"species":[{"element":"Li","occu":1}],"abc":[0.1250754733736097,0.3750759696055914,0.25012724351216964],"properties":{},"label":"Li","xyz":[0.3118212622819887,2.1925622791232815,0.7074307300229108]},{"species":[{"element":"Li","occu":1}],"abc":[0.8750584460278846,0.6250580362576875,0.7501404462512162],"properties":{},"label":"Li","xyz":[4.4913322245559915,3.655193808005513,2.121152271415617]},{"species":[{"element":"Gd","occu":1}],"abc":[0.3750399317294016,0.12504962690717641,0.7500717527838747],"properties":{},"label":"Gd","xyz":[2.0916408237825608,0.7337856599989944,4.745725914872672]},{"species":[{"element":"Gd","occu":1}],"abc":[0.6250342138608141,0.8750247300550721,0.2500768461767128],"properties":{},"label":"Gd","xyz":[2.7112252567471873,5.1136214087957415,-1.9177913468677699]},{"species":[{"element":"Cl","occu":1}],"abc":[0.7619319135708227,0.46668196709811577,0.08947200760147034],"properties":{},"label":"Cl","xyz":[3.998575747203556,2.7270299741955415,-2.502518610020624]},{"species":[{"element":"Cl","occu":1}],"abc":[0.6228014082581437,0.2619292328660322,0.5894614715188815],"properties":{},"label":"Cl","xyz":[3.408457905501201,1.5328355907842566,2.43872444771132]},{"species":[{"element":"Cl","occu":1}],"abc":[0.6726046859741557,0.8770710138501644,0.9104404170496676],"properties":{},"label":"Cl","xyz":[2.994397997227408,5.128380403589414,3.2858731499367453]},{"species":[{"element":"Cl","occu":1}],"abc":[0.03337375913601,0.17259211905295987,0.4104257872498279],"properties":{},"label":"Cl","xyz":[0.00044578401384638765,1.0101727557736637,2.7744459923567586]},{"species":[{"element":"Cl","occu":1}],"abc":[0.3770503111263796,0.7378332893380978,0.4104344250675029],"properties":{},"label":"Cl","xyz":[1.393443323248036,4.312748427910263,0.38857144158595247]},{"species":[{"element":"Cl","occu":1}],"abc":[0.23783050214341322,0.5333623209551233,0.9104238950855791],"properties":{},"label":"Cl","xyz":[0.8024675389978086,3.1202003749999005,5.329309353143678]},{"species":[{"element":"Cl","occu":1}],"abc":[0.32752858348203406,0.1227803555788551,0.08945546575122398],"properties":{},"label":"Cl","xyz":[1.809077414404081,0.7177226971523352,-0.4595497013147194]},{"species":[{"element":"Cl","occu":1}],"abc":[0.9666707738776009,0.8275413401259077,0.589470241932559],"properties":{},"label":"Cl","xyz":[4.802174689314704,4.837578568492088,0.051371103890301306]}]}'), (2, '{"@module":"pymatgen.core.structure","@class":"Structure","charge":0.0,"lattice":{"matrix":[[6.169022721761677,0.37145740556400797,-2.4533726174816115],[-0.7941517341485266,6.377629205148454,-2.399237232916381],[0.18142770219891913,0.2948427738308964,7.9561837166629825]],"pbc":[true,true,true],"a":6.649350279987419,"b":6.860114470985588,"c":7.963711923826644,"alpha":108.51932712435101,"beta":110.20689278914679,"gamma":85.78070779755198,"volume":322.9885060144559},"properties":{"charge":0,"spin":0},"sites":[{"species":[{"element":"Li","occu":1}],"abc":[0.07777269511342103,0.5185955266826673,0.38040769600851265],"properties":{},"label":"Li","xyz":[0.13695448063623833,3.448459680459046,1.5915544196562612]},{"species":[{"element":"Li","occu":1}],"abc":[0.8324879014976265,0.5393083124861728,0.8291087119809036],"properties":{},"label":"Li","xyz":[4.857767436816745,3.99319895279269,3.26020962834875]},{"species":[{"element":"Gd","occu":1}],"abc":[0.33334889222004027,0.07121258261284336,0.699302763210277],"properties":{},"label":"Gd","xyz":[2.1267561878749235,0.7841767277499377,4.575096333773692]},{"species":[{"element":"Gd","occu":1}],"abc":[0.6796336922337595,0.9362696299509741,0.269133271874087],"properties":{},"label":"Gd","xyz":[3.497963770710072,6.302987504329449,-1.772453891374607]},{"species":[{"element":"Cl","occu":1}],"abc":[0.765386246777425,0.5147415414206382,0.11379309870786836],"properties":{},"label":"Cl","xyz":[4.333547479961003,3.600690150015552,-2.207405932137757]},{"species":[{"element":"Cl","occu":1}],"abc":[0.6105721556135429,0.25043871101251225,0.5857709793869905],"properties":{},"label":"Cl","xyz":[3.674022247411437,1.9967171266790635,2.5616786402887084]},{"species":[{"element":"Cl","occu":1}],"abc":[0.690687882495752,0.8805999363056515,0.8955134694710327],"properties":{},"label":"Cl","xyz":[3.724010225307849,6.136736676062931,3.317586791228056]},{"species":[{"element":"Cl","occu":1}],"abc":[0.040249126206865785,0.17638845907794085,0.3788611240074639],"properties":{},"label":"Cl","xyz":[0.1769544766218492,1.2515954887626812,2.4923448431147905]},{"species":[{"element":"Cl","occu":1}],"abc":[0.3856983967643392,0.7266614074397308,0.37447871761910023],"properties":{},"label":"Cl","xyz":[1.870243569789219,4.888059883977639,0.28972648567690973]},{"species":[{"element":"Cl","occu":1}],"abc":[0.19962221334764235,0.46936797071270125,0.844227028617414],"properties":{},"label":"Cl","xyz":[1.0118907519509748,3.316520266302222,5.100952554912148]},{"species":[{"element":"Cl","occu":1}],"abc":[0.3257274564277233,0.11455486160025469,0.07335151291136546],"properties":{},"label":"Cl","xyz":[1.9317541342495985,0.8732094703506088,-0.4903769989066248]},{"species":[{"element":"Cl","occu":1}],"abc":[0.9765152010581716,0.814525521098343,0.57798883105622],"properties":{},"label":"Cl","xyz":[5.482150793900221,5.727891384966333,0.24858971385213824]},{"species":[{"element":"Li","occu":1}],"abc":[0.4259726238406865,0.44974752382242317,0.13202653415136836],"properties":{},"label":"Li","xyz":[2.2946202900694215,3.0654806981147096,-1.0736932145116738]}]}')]
2026-09-10 00:17:10 - mpelectroml.intercalation - INFO - 3 67 sites
2026-09-10 00:17:32 - mpelectroml.intercalation - INFO - 0.7215054476620129 0.7215054476620129
2026-09-10 00:17:40 - mpelectroml.intercalation - INFO - 0.7215664828182629 0.7215054476620129
2026-09-10 00:17:51 - mpelectroml.intercalation - INFO - 0.8308661425472668 0.7215054476620129
2026-09-10 00:18:39 - mpelectroml.intercalation - INFO - 0.8280423128963879 0.7215054476620129
2026-09-10 00:19:59 - mpelectroml.intercalation - INFO - stopped - failed checks
2026-09-10 00:19:59 - mpelectroml.intercalation - INFO - 2 intercalated [(1, '{"@module":"pymatgen.core.structure","@class":"Structure","charge":0.0,"lattice":{"matrix":[[5.956263808695877,-0.00014076146738054073,-2.6251356946178865],[-1.1570825559407734,5.842858208888747,-2.624979945663948],[0.003328739575756983,0.004254542402371539,8.077239766623197]],"pbc":[true,true,true],"a":6.509102549027096,"b":6.509097618378369,"c":8.077241573034533,"alpha":113.75828101845049,"beta":113.76116582709034,"gamma":90.0024109878832,"volume":281.2300930599835},"properties":{"charge":0,"spin":0},"sites":[{"species":[{"element":"Li","occu":1}],"abc":[0.1250754733736097,0.3750759696055914,0.25012724351216964],"properties":{},"label":"Li","xyz":[0.3118212622819887,2.1925622791232815,0.7074307300229108]},{"species":[{"element":"Li","occu":1}],"abc":[0.8750584460278846,0.6250580362576875,0.7501404462512162],"properties":{},"label":"Li","xyz":[4.4913322245559915,3.655193808005513,2.121152271415617]},{"species":[{"element":"Gd","occu":1}],"abc":[0.3750399317294016,0.12504962690717641,0.7500717527838747],"properties":{},"label":"Gd","xyz":[2.0916408237825608,0.7337856599989944,4.745725914872672]},{"species":[{"element":"Gd","occu":1}],"abc":[0.6250342138608141,0.8750247300550721,0.2500768461767128],"properties":{},"label":"Gd","xyz":[2.7112252567471873,5.1136214087957415,-1.9177913468677699]},{"species":[{"element":"Cl","occu":1}],"abc":[0.7619319135708227,0.46668196709811577,0.08947200760147034],"properties":{},"label":"Cl","xyz":[3.998575747203556,2.7270299741955415,-2.502518610020624]},{"species":[{"element":"Cl","occu":1}],"abc":[0.6228014082581437,0.2619292328660322,0.5894614715188815],"properties":{},"label":"Cl","xyz":[3.408457905501201,1.5328355907842566,2.43872444771132]},{"species":[{"element":"Cl","occu":1}],"abc":[0.6726046859741557,0.8770710138501644,0.9104404170496676],"properties":{},"label":"Cl","xyz":[2.994397997227408,5.128380403589414,3.2858731499367453]},{"species":[{"element":"Cl","occu":1}],"abc":[0.03337375913601,0.17259211905295987,0.4104257872498279],"properties":{},"label":"Cl","xyz":[0.00044578401384638765,1.0101727557736637,2.7744459923567586]},{"species":[{"element":"Cl","occu":1}],"abc":[0.3770503111263796,0.7378332893380978,0.4104344250675029],"properties":{},"label":"Cl","xyz":[1.393443323248036,4.312748427910263,0.38857144158595247]},{"species":[{"element":"Cl","occu":1}],"abc":[0.23783050214341322,0.5333623209551233,0.9104238950855791],"properties":{},"label":"Cl","xyz":[0.8024675389978086,3.1202003749999005,5.329309353143678]},{"species":[{"element":"Cl","occu":1}],"abc":[0.32752858348203406,0.1227803555788551,0.08945546575122398],"properties":{},"label":"Cl","xyz":[1.809077414404081,0.7177226971523352,-0.4595497013147194]},{"species":[{"element":"Cl","occu":1}],"abc":[0.9666707738776009,0.8275413401259077,0.589470241932559],"properties":{},"label":"Cl","xyz":[4.802174689314704,4.837578568492088,0.051371103890301306]}]}'), (2, '{"@module":"pymatgen.core.structure","@class":"Structure","charge":0.0,"lattice":{"matrix":[[6.169022721761677,0.37145740556400797,-2.4533726174816115],[-0.7941517341485266,6.377629205148454,-2.399237232916381],[0.18142770219891913,0.2948427738308964,7.9561837166629825]],"pbc":[true,true,true],"a":6.649350279987419,"b":6.860114470985588,"c":7.963711923826644,"alpha":108.51932712435101,"beta":110.20689278914679,"gamma":85.78070779755198,"volume":322.9885060144559},"properties":{"charge":0,"spin":0},"sites":[{"species":[{"element":"Li","occu":1}],"abc":[0.07777269511342103,0.5185955266826673,0.38040769600851265],"properties":{},"label":"Li","xyz":[0.13695448063623833,3.448459680459046,1.5915544196562612]},{"species":[{"element":"Li","occu":1}],"abc":[0.8324879014976265,0.5393083124861728,0.8291087119809036],"properties":{},"label":"Li","xyz":[4.857767436816745,3.99319895279269,3.26020962834875]},{"species":[{"element":"Gd","occu":1}],"abc":[0.33334889222004027,0.07121258261284336,0.699302763210277],"properties":{},"label":"Gd","xyz":[2.1267561878749235,0.7841767277499377,4.575096333773692]},{"species":[{"element":"Gd","occu":1}],"abc":[0.6796336922337595,0.9362696299509741,0.269133271874087],"properties":{},"label":"Gd","xyz":[3.497963770710072,6.302987504329449,-1.772453891374607]},{"species":[{"element":"Cl","occu":1}],"abc":[0.765386246777425,0.5147415414206382,0.11379309870786836],"properties":{},"label":"Cl","xyz":[4.333547479961003,3.600690150015552,-2.207405932137757]},{"species":[{"element":"Cl","occu":1}],"abc":[0.6105721556135429,0.25043871101251225,0.5857709793869905],"properties":{},"label":"Cl","xyz":[3.674022247411437,1.9967171266790635,2.5616786402887084]},{"species":[{"element":"Cl","occu":1}],"abc":[0.690687882495752,0.8805999363056515,0.8955134694710327],"properties":{},"label":"Cl","xyz":[3.724010225307849,6.136736676062931,3.317586791228056]},{"species":[{"element":"Cl","occu":1}],"abc":[0.040249126206865785,0.17638845907794085,0.3788611240074639],"properties":{},"label":"Cl","xyz":[0.1769544766218492,1.2515954887626812,2.4923448431147905]},{"species":[{"element":"Cl","occu":1}],"abc":[0.3856983967643392,0.7266614074397308,0.37447871761910023],"properties":{},"label":"Cl","xyz":[1.870243569789219,4.888059883977639,0.28972648567690973]},{"species":[{"element":"Cl","occu":1}],"abc":[0.19962221334764235,0.46936797071270125,0.844227028617414],"properties":{},"label":"Cl","xyz":[1.0118907519509748,3.316520266302222,5.100952554912148]},{"species":[{"element":"Cl","occu":1}],"abc":[0.3257274564277233,0.11455486160025469,0.07335151291136546],"properties":{},"label":"Cl","xyz":[1.9317541342495985,0.8732094703506088,-0.4903769989066248]},{"species":[{"element":"Cl","occu":1}],"abc":[0.9765152010581716,0.814525521098343,0.57798883105622],"properties":{},"label":"Cl","xyz":[5.482150793900221,5.727891384966333,0.24858971385213824]},{"species":[{"element":"Li","occu":1}],"abc":[0.4259726238406865,0.44974752382242317,0.13202653415136836],"properties":{},"label":"Li","xyz":[2.2946202900694215,3.0654806981147096,-1.0736932145116738]}]}')]
2026-09-10 00:20:10 - mpelectroml.intercalation - INFO - Processed up to row 12309, saving intermediate results to ./Li_Na_intercalation_data.h5...
2026-09-10 00:20:10 - mpelectroml.intercalation - INFO - All specified rows (12309 to 12309) processed.
2026-09-10 00:20:10 - mpelectroml.intercalation - INFO - Final DataFrame saved to ./Li_Na_intercalation_data.h5 (key: intercalation_data).
2026-09-10 00:20:11 - mpelectroml.intercalation - INFO - Resuming from ./Li_Na_intercalation_data.h5.
2026-09-10 00:20:11 - mpelectroml.intercalation - INFO - Starting intercalation (Li -> Na) with model 'uma-s-1p2'.
2026-09-10 00:20:11 - mpelectroml.intercalation - INFO - Processing DataFrame rows from index 14530 to 14530.
2026-09-10 00:20:11 - mpelectroml.intercalation - INFO - Processing row 14530...
2026-09-10 00:20:11 - mpelectroml.intercalation - INFO - CUDATrue
2026-09-10 00:20:17 - mpelectroml.intercalation - INFO - first ion25
2026-09-10 00:20:26 - mpelectroml.intercalation - INFO - dE -2.88662691470371-2.88662691470371
2026-09-10 00:20:35 - mpelectroml.intercalation - INFO - dE -2.88662691470371-2.7981812512515614
2026-09-10 00:20:44 - mpelectroml.intercalation - INFO - dE -2.88662691470371-2.886028960907323
2026-09-10 00:20:53 - mpelectroml.intercalation - INFO - dE -2.886629775726659-2.886629775726659
2026-09-10 00:21:01 - mpelectroml.intercalation - INFO - dE -2.886629775726659-2.886604026520116
2026-09-10 00:21:07 - mpelectroml.intercalation - INFO - dE -2.886629775726659-2.796394065582616
2026-09-10 00:21:17 - mpelectroml.intercalation - INFO - dE -2.8870799100040028-2.8870799100040028
2026-09-10 00:21:25 - mpelectroml.intercalation - INFO - dE -2.8870799100040028-2.7980553662417957
2026-09-10 00:21:35 - mpelectroml.intercalation - INFO - dE -2.8870799100040028-2.886329368316991
2026-09-10 00:21:44 - mpelectroml.intercalation - INFO - dE -2.8870799100040028-2.8857981717227528
2026-09-10 00:21:52 - mpelectroml.intercalation - INFO - dE -2.8870799100040028-2.079974845611913
2026-09-10 00:21:58 - mpelectroml.intercalation - INFO - dE -2.8870799100040028-2.7966057812808582
2026-09-10 00:22:07 - mpelectroml.intercalation - INFO - dE -2.8870799100040028-2.7972895657657215
2026-09-10 00:22:16 - mpelectroml.intercalation - INFO - dE -2.8870799100040028-2.886644080841405
2026-09-10 00:22:26 - mpelectroml.intercalation - INFO - dE -2.8870799100040028-2.8864151990054676
2026-09-10 00:22:39 - mpelectroml.intercalation - INFO - dE -2.8870799100040028-2.797645286285741
2026-09-10 00:22:46 - mpelectroml.intercalation - INFO - dE -2.8870799100040028-2.7300965344546864
2026-09-10 00:22:56 - mpelectroml.intercalation - INFO - dE -2.8870799100040028-2.798189834320409
2026-09-10 00:23:05 - mpelectroml.intercalation - INFO - dE -2.8870799100040028-2.8860833203433582
2026-09-10 00:23:15 - mpelectroml.intercalation - INFO - dE -2.8870799100040028-2.8866478955386707
2026-09-10 00:23:30 - mpelectroml.intercalation - INFO - dE -2.8870799100040028-2.7973572766421864
2026-09-10 00:23:43 - mpelectroml.intercalation - INFO - dE -2.8870799100040028-2.886230186188085
2026-09-10 00:23:50 - mpelectroml.intercalation - INFO - dE -2.8870799100040028-2.797818855011327
2026-09-10 00:24:02 - mpelectroml.intercalation - INFO - dE -2.8870799100040028-2.7973086392520496
2026-09-10 00:24:16 - mpelectroml.intercalation - INFO - dE -2.8870799100040028-2.8855340039371082
2026-09-10 00:24:16 - mpelectroml.intercalation - INFO - first ion success
2026-09-10 00:24:16 - mpelectroml.intercalation - INFO - 1 25 sites
2026-09-10 00:24:25 - mpelectroml.intercalation - INFO - -2.8866259610293934 -2.8866259610293934
2026-09-10 00:24:35 - mpelectroml.intercalation - INFO - -2.7981841122745106 -2.8866259610293934
2026-09-10 00:24:44 - mpelectroml.intercalation - INFO - -2.8860280072330067 -2.8866259610293934
2026-09-10 00:24:52 - mpelectroml.intercalation - INFO - -2.8866288220523426 -2.8866288220523426
2026-09-10 00:25:00 - mpelectroml.intercalation - INFO - -2.8866030728457996 -2.8866288220523426
2026-09-10 00:25:07 - mpelectroml.intercalation - INFO - -2.796394065582616 -2.8866288220523426
2026-09-10 00:25:17 - mpelectroml.intercalation - INFO - -2.887076095306737 -2.887076095306737
2026-09-10 00:25:25 - mpelectroml.intercalation - INFO - -2.798056319916112 -2.887076095306737
2026-09-10 00:25:35 - mpelectroml.intercalation - INFO - -2.8863284146426746 -2.887076095306737
2026-09-10 00:25:44 - mpelectroml.intercalation - INFO - -2.885794357025487 -2.887076095306737
2026-09-10 00:25:55 - mpelectroml.intercalation - INFO - -2.7966057812808582 -2.887076095306737
2026-09-10 00:26:05 - mpelectroml.intercalation - INFO - -2.7972895657657215 -2.887076095306737
2026-09-10 00:26:14 - mpelectroml.intercalation - INFO - -2.88662691470371 -2.887076095306737
2026-09-10 00:26:24 - mpelectroml.intercalation - INFO - -2.8864151990054676 -2.887076095306737
2026-09-10 00:26:41 - mpelectroml.intercalation - INFO - -2.886085227691991 -2.887076095306737
2026-09-10 00:26:51 - mpelectroml.intercalation - INFO - -2.8866478955386707 -2.887076095306737
2026-09-10 00:27:09 - mpelectroml.intercalation - INFO - -2.886231139862401 -2.887076095306737
2026-09-10 00:27:16 - mpelectroml.intercalation - INFO - -2.797818855011327 -2.887076095306737
2026-09-10 00:27:31 - mpelectroml.intercalation - INFO - -2.885531142914159 -2.887076095306737
2026-09-10 00:27:31 - mpelectroml.intercalation - INFO - 1 intercalating [(0, '{"@module":"pymatgen.core.structure","@class":"Structure","charge":0.0,"lattice":{"matrix":[[4.80261655097853,3.5542279884529906e-8,-2.0074073819992568e-7],[9.921577674864602e-8,5.3520005351846445,-1.3218672425341105],[-3.3734020993463023e-7,0.1304545073020291,8.159665798338622]],"pbc":[true,true,true],"a":4.8026165509785335,"b":5.512825295209478,"c":8.160708567217224,"alpha":102.95762626005104,"beta":90.00000475621893,"gamma":89.99999798293854,"volume":210.56101783578487},"properties":{"charge":0,"spin":0},"sites":[{"species":[{"element":"Te","occu":1}],"abc":[0.8854235639472897,0.1289148586142371,0.3725278649657638],"properties":{},"label":"Te","xyz":[4.252349749961409,0.7385503628470074,2.8692943722705953]},{"species":[{"element":"Te","occu":1}],"abc":[0.38542319305805167,0.871085328413944,0.6274710139958861],"properties":{},"label":"Te","xyz":[1.851039680865796,4.743905579538877,3.9684945338984905]},{"species":[{"element":"Te","occu":1}],"abc":[0.4919311830261664,0.2567163839287237,0.010525509563778696],"properties":{},"label":"Te","xyz":[2.362556863463553,1.3753193418257972,-0.2534604368901678]},{"species":[{"element":"Te","occu":1}],"abc":[0.9919297999871445,0.7432850347003592,0.989477826964781],"properties":{},"label":"Te","xyz":[4.763858214782026,4.107143781169479,7.091284044541991]},{"species":[{"element":"O","occu":1}],"abc":[0.04297230092773998,0.8799162693787881,0.5122916566277745],"properties":{},"label":"O","xyz":[0.2063793981541952,4.7761431018206,3.016996208068954]},{"species":[{"element":"O","occu":1}],"abc":[0.5429710641591464,0.12008332874125471,0.4877090184303151],"properties":{},"label":"O","xyz":[2.60768166682344,0.7063098986944614,3.8208082695932113]},{"species":[{"element":"O","occu":1}],"abc":[0.17033999195223612,0.6724469164302458,0.7773020877479827],"properties":{},"label":"O","xyz":[0.8180774691454523,3.7003388235542127,5.453639675008031]},{"species":[{"element":"O","occu":1}],"abc":[0.6703391726107812,0.32755252700663295,0.22269661108981037],"properties":{},"label":"O","xyz":[3.219381962523648,1.7821131003435178,1.3841488306917253]},{"species":[{"element":"O","occu":1}],"abc":[0.8003013592364359,0.8239643086080342,0.20745672284984806],"properties":{},"label":"O","xyz":[3.8435405654062853,4.43692111365365,0.6036059368540072]},{"species":[{"element":"O","occu":1}],"abc":[0.30030066996855104,0.17603557841876644,0.7925426048325168],"properties":{},"label":"O","xyz":[1.4422287179699222,1.0455332756114395,6.234187061463199]},{"species":[{"element":"O","occu":1}],"abc":[0.7235075768547328,0.9636361145300301,0.9021888941437647],"properties":{},"label":"O","xyz":[3.474729254624225,5.2750756340819684,6.08776070442828]},{"species":[{"element":"O","occu":1}],"abc":[0.2235075347622583,0.03636349484712723,0.09781060061068408],"properties":{},"label":"O","xyz":[1.0734209563300148,0.2073772855385587,0.7500340549884147]},{"species":[{"element":"O","occu":1}],"abc":[0.7370342567883433,0.46719227777007516,0.9070696054403649],"properties":{},"label":"O","xyz":[3.5396926606516512,2.618744665321822,6.783818520322294]},{"species":[{"element":"O","occu":1}],"abc":[0.2370342986302463,0.5328075059091533,0.0929299575093811],"properties":{},"label":"O","xyz":[1.1383848672651076,2.863709197021408,0.05397655971030901]}]}'), (1, '{"@module":"pymatgen.core.structure","@class":"Structure","charge":0.0,"lattice":{"matrix":[[5.071549264389169,-0.01325182631804423,-0.027453069968033005],[-0.0004621415520357494,5.488111615688452,-1.0577270658880993],[-0.05311571762031026,0.4897623802976766,8.00564193906044]],"pbc":[true,true,true],"a":5.071640880728619,"b":5.589110471778275,"c":8.020784956913916,"alpha":97.4078675392675,"beta":90.69813909736801,"gamma":90.09304753693112,"volume":225.44131040880575},"properties":{"charge":0,"spin":0},"sites":[{"species":[{"element":"Te","occu":1}],"abc":[0.9009063343213656,0.14949947179331394,0.3502542788896599],"properties":{},"label":"Te","xyz":[4.550317759820333,0.9800725027553678,2.6211480621319017]},{"species":[{"element":"Te","occu":1}],"abc":[0.3862533140695048,0.893572947966556,0.6375289401005094],"properties":{},"label":"Te","xyz":[1.9246269464908912,5.2111472045796905,4.14806828856721]},{"species":[{"element":"Te","occu":1}],"abc":[0.44573580428752935,0.2868393606469021,0.01223715550971985],"properties":{},"label":"Te","xyz":[2.2597885446624897,1.5742929119512736,-0.2176682861772113]},{"species":[{"element":"Te","occu":1}],"abc":[0.9503458859906367,0.7784047244640971,0.9882417997984756],"properties":{},"label":"Te","xyz":[4.766875073464929,4.743381847593926,7.062080341016471]},{"species":[{"element":"O","occu":1}],"abc":[0.16015846745822565,0.9008989144450622,0.45184269931273896],"properties":{},"label":"O","xyz":[0.7878352657754178,5.1634069606684765,2.659988856425486]},{"species":[{"element":"O","occu":1}],"abc":[0.6856757062296787,0.14540773259985426,0.5434489693211351],"properties":{},"label":"O","xyz":[3.4485052425879195,1.0550882717077608,4.178032263037661]},{"species":[{"element":"O","occu":1}],"abc":[0.10208949928997055,0.716225590508904,0.7640788633386475],"properties":{},"label":"O","xyz":[0.47683633027516,4.30359019325563,5.356567930563544]},{"species":[{"element":"O","occu":1}],"abc":[0.6043840325402712,0.32899889587874465,0.23337895327586455],"properties":{},"label":"O","xyz":[3.0526152609970882,1.911873701459959,1.5037651020881495]},{"species":[{"element":"O","occu":1}],"abc":[0.7791121326465946,0.8537571004409609,0.21465416391157727],"properties":{},"label":"O","xyz":[3.9395094966127036,4.780319135500557,0.7940133642834378]},{"species":[{"element":"O","occu":1}],"abc":[0.2688187283050555,0.1942855921573298,0.7645034417264469],"properties":{},"label":"O","xyz":[1.322630487413941,1.4371237013467253,5.907459786947512]},{"species":[{"element":"O","occu":1}],"abc":[0.7146879316720531,1.0331988116604431,0.9038717070409932],"properties":{},"label":"O","xyz":[3.5760877756806586,6.103521837971185,6.123610520087354]},{"species":[{"element":"O","occu":1}],"abc":[0.20619165410889176,0.029137307847301997,0.08399452057669414],"properties":{},"label":"O","xyz":[1.0412362369218604,0.198313737987791,0.6359501435357768]},{"species":[{"element":"O","occu":1}],"abc":[0.6821127281990119,0.5260899467159251,0.9094224725498166],"properties":{},"label":"O","xyz":[3.4108205496541824,3.3236020229173633,6.705325022382459]},{"species":[{"element":"O","occu":1}],"abc":[0.1643139356834046,0.5260659874355166,0.07576897967590292],"properties":{},"label":"O","xyz":[0.8290585789633089,2.9220401923649595,0.04563416604649251]},{"species":[{"element":"Li","occu":1}],"abc":[0.8858806662008046,0.27572628208907934,0.7517891426997237],"properties":{},"label":"Li","xyz":[4.452728196621682,1.8696751147672273,5.702591394872348]}]}')]
2026-09-10 00:27:31 - mpelectroml.intercalation - INFO - 2 58 sites
2026-09-10 00:28:12 - mpelectroml.intercalation - INFO - -2.393561557495458 -2.393561557495458
2026-09-10 00:28:21 - mpelectroml.intercalation - INFO - -3.767083362305028 -3.767083362305028
2026-09-10 00:28:37 - mpelectroml.intercalation - INFO - -2.393939689361913 -3.767083362305028
2026-09-10 00:28:48 - mpelectroml.intercalation - INFO - -3.164786056244237 -3.767083362305028
2026-09-10 00:29:06 - mpelectroml.intercalation - INFO - -3.1647793805240223 -3.767083362305028
2026-09-10 00:29:14 - mpelectroml.intercalation - INFO - -2.6675807988284657 -3.767083362305028
2026-09-10 00:29:22 - mpelectroml.intercalation - INFO - -3.1655027424930164 -3.767083362305028
2026-09-10 00:29:37 - mpelectroml.intercalation - INFO - -2.668112472259862 -3.767083362305028
2026-09-10 00:29:47 - mpelectroml.intercalation - INFO - -3.7679187810062 -3.7679187810062
2026-09-10 00:30:04 - mpelectroml.intercalation - INFO - -3.7632133519290516 -3.7679187810062
2026-09-10 00:30:14 - mpelectroml.intercalation - INFO - -3.7678467785953114 -3.7679187810062
2026-09-10 00:30:23 - mpelectroml.intercalation - INFO - -3.766935542785985 -3.7679187810062
2026-09-10 00:30:32 - mpelectroml.intercalation - INFO - -3.764134124481542 -3.7679187810062
2026-09-10 00:30:46 - mpelectroml.intercalation - INFO - -3.7637431180118153 -3.7679187810062
2026-09-10 00:30:54 - mpelectroml.intercalation - INFO - -2.5525238072513172 -3.7679187810062
2026-09-10 00:31:09 - mpelectroml.intercalation - INFO - -3.7667343175052235 -3.7679187810062
2026-09-10 00:31:19 - mpelectroml.intercalation - INFO - -3.764111236297948 -3.7679187810062
2026-09-10 00:31:35 - mpelectroml.intercalation - INFO - -3.764770225250585 -3.7679187810062
2026-09-10 00:31:47 - mpelectroml.intercalation - INFO - -3.7638985669253895 -3.7679187810062
2026-09-10 00:31:56 - mpelectroml.intercalation - INFO - -3.766556934082372 -3.7679187810062
2026-09-10 00:32:14 - mpelectroml.intercalation - INFO - -3.1032568966983387 -3.7679187810062
2026-09-10 00:32:22 - mpelectroml.intercalation - INFO - -3.7624523198245594 -3.7679187810062
2026-09-10 00:32:31 - mpelectroml.intercalation - INFO - -2.5519763981937 -3.7679187810062
2026-09-10 00:32:39 - mpelectroml.intercalation - INFO - -2.550819114410741 -3.7679187810062
2026-09-10 00:33:13 - mpelectroml.intercalation - INFO - -3.165365890228612 -3.7679187810062
2026-09-10 00:33:34 - mpelectroml.intercalation - INFO - -2.552663997375829 -3.7679187810062
2026-09-10 00:33:43 - mpelectroml.intercalation - INFO - -3.7631175076602528 -3.7679187810062
2026-09-10 00:34:02 - mpelectroml.intercalation - INFO - -3.7661754643558094 -3.7679187810062
2026-09-10 00:34:12 - mpelectroml.intercalation - INFO - -3.766850665771825 -3.7679187810062
2026-09-10 00:34:20 - mpelectroml.intercalation - INFO - -3.765777782165868 -3.7679187810062
2026-09-10 00:34:38 - mpelectroml.intercalation - INFO - -3.7673708951114246 -3.7679187810062
2026-09-10 00:34:38 - mpelectroml.intercalation - INFO - 2 intercalating [(0, '{"@module":"pymatgen.core.structure","@class":"Structure","charge":0.0,"lattice":{"matrix":[[4.80261655097853,3.5542279884529906e-8,-2.0074073819992568e-7],[9.921577674864602e-8,5.3520005351846445,-1.3218672425341105],[-3.3734020993463023e-7,0.1304545073020291,8.159665798338622]],"pbc":[true,true,true],"a":4.8026165509785335,"b":5.512825295209478,"c":8.160708567217224,"alpha":102.95762626005104,"beta":90.00000475621893,"gamma":89.99999798293854,"volume":210.56101783578487},"properties":{"charge":0,"spin":0},"sites":[{"species":[{"element":"Te","occu":1}],"abc":[0.8854235639472897,0.1289148586142371,0.3725278649657638],"properties":{},"label":"Te","xyz":[4.252349749961409,0.7385503628470074,2.8692943722705953]},{"species":[{"element":"Te","occu":1}],"abc":[0.38542319305805167,0.871085328413944,0.6274710139958861],"properties":{},"label":"Te","xyz":[1.851039680865796,4.743905579538877,3.9684945338984905]},{"species":[{"element":"Te","occu":1}],"abc":[0.4919311830261664,0.2567163839287237,0.010525509563778696],"properties":{},"label":"Te","xyz":[2.362556863463553,1.3753193418257972,-0.2534604368901678]},{"species":[{"element":"Te","occu":1}],"abc":[0.9919297999871445,0.7432850347003592,0.989477826964781],"properties":{},"label":"Te","xyz":[4.763858214782026,4.107143781169479,7.091284044541991]},{"species":[{"element":"O","occu":1}],"abc":[0.04297230092773998,0.8799162693787881,0.5122916566277745],"properties":{},"label":"O","xyz":[0.2063793981541952,4.7761431018206,3.016996208068954]},{"species":[{"element":"O","occu":1}],"abc":[0.5429710641591464,0.12008332874125471,0.4877090184303151],"properties":{},"label":"O","xyz":[2.60768166682344,0.7063098986944614,3.8208082695932113]},{"species":[{"element":"O","occu":1}],"abc":[0.17033999195223612,0.6724469164302458,0.7773020877479827],"properties":{},"label":"O","xyz":[0.8180774691454523,3.7003388235542127,5.453639675008031]},{"species":[{"element":"O","occu":1}],"abc":[0.6703391726107812,0.32755252700663295,0.22269661108981037],"properties":{},"label":"O","xyz":[3.219381962523648,1.7821131003435178,1.3841488306917253]},{"species":[{"element":"O","occu":1}],"abc":[0.8003013592364359,0.8239643086080342,0.20745672284984806],"properties":{},"label":"O","xyz":[3.8435405654062853,4.43692111365365,0.6036059368540072]},{"species":[{"element":"O","occu":1}],"abc":[0.30030066996855104,0.17603557841876644,0.7925426048325168],"properties":{},"label":"O","xyz":[1.4422287179699222,1.0455332756114395,6.234187061463199]},{"species":[{"element":"O","occu":1}],"abc":[0.7235075768547328,0.9636361145300301,0.9021888941437647],"properties":{},"label":"O","xyz":[3.474729254624225,5.2750756340819684,6.08776070442828]},{"species":[{"element":"O","occu":1}],"abc":[0.2235075347622583,0.03636349484712723,0.09781060061068408],"properties":{},"label":"O","xyz":[1.0734209563300148,0.2073772855385587,0.7500340549884147]},{"species":[{"element":"O","occu":1}],"abc":[0.7370342567883433,0.46719227777007516,0.9070696054403649],"properties":{},"label":"O","xyz":[3.5396926606516512,2.618744665321822,6.783818520322294]},{"species":[{"element":"O","occu":1}],"abc":[0.2370342986302463,0.5328075059091533,0.0929299575093811],"properties":{},"label":"O","xyz":[1.1383848672651076,2.863709197021408,0.05397655971030901]}]}'), (1, '{"@module":"pymatgen.core.structure","@class":"Structure","charge":0.0,"lattice":{"matrix":[[5.071549264389169,-0.01325182631804423,-0.027453069968033005],[-0.0004621415520357494,5.488111615688452,-1.0577270658880993],[-0.05311571762031026,0.4897623802976766,8.00564193906044]],"pbc":[true,true,true],"a":5.071640880728619,"b":5.589110471778275,"c":8.020784956913916,"alpha":97.4078675392675,"beta":90.69813909736801,"gamma":90.09304753693112,"volume":225.44131040880575},"properties":{"charge":0,"spin":0},"sites":[{"species":[{"element":"Te","occu":1}],"abc":[0.9009063343213656,0.14949947179331394,0.3502542788896599],"properties":{},"label":"Te","xyz":[4.550317759820333,0.9800725027553678,2.6211480621319017]},{"species":[{"element":"Te","occu":1}],"abc":[0.3862533140695048,0.893572947966556,0.6375289401005094],"properties":{},"label":"Te","xyz":[1.9246269464908912,5.2111472045796905,4.14806828856721]},{"species":[{"element":"Te","occu":1}],"abc":[0.44573580428752935,0.2868393606469021,0.01223715550971985],"properties":{},"label":"Te","xyz":[2.2597885446624897,1.5742929119512736,-0.2176682861772113]},{"species":[{"element":"Te","occu":1}],"abc":[0.9503458859906367,0.7784047244640971,0.9882417997984756],"properties":{},"label":"Te","xyz":[4.766875073464929,4.743381847593926,7.062080341016471]},{"species":[{"element":"O","occu":1}],"abc":[0.16015846745822565,0.9008989144450622,0.45184269931273896],"properties":{},"label":"O","xyz":[0.7878352657754178,5.1634069606684765,2.659988856425486]},{"species":[{"element":"O","occu":1}],"abc":[0.6856757062296787,0.14540773259985426,0.5434489693211351],"properties":{},"label":"O","xyz":[3.4485052425879195,1.0550882717077608,4.178032263037661]},{"species":[{"element":"O","occu":1}],"abc":[0.10208949928997055,0.716225590508904,0.7640788633386475],"properties":{},"label":"O","xyz":[0.47683633027516,4.30359019325563,5.356567930563544]},{"species":[{"element":"O","occu":1}],"abc":[0.6043840325402712,0.32899889587874465,0.23337895327586455],"properties":{},"label":"O","xyz":[3.0526152609970882,1.911873701459959,1.5037651020881495]},{"species":[{"element":"O","occu":1}],"abc":[0.7791121326465946,0.8537571004409609,0.21465416391157727],"properties":{},"label":"O","xyz":[3.9395094966127036,4.780319135500557,0.7940133642834378]},{"species":[{"element":"O","occu":1}],"abc":[0.2688187283050555,0.1942855921573298,0.7645034417264469],"properties":{},"label":"O","xyz":[1.322630487413941,1.4371237013467253,5.907459786947512]},{"species":[{"element":"O","occu":1}],"abc":[0.7146879316720531,1.0331988116604431,0.9038717070409932],"properties":{},"label":"O","xyz":[3.5760877756806586,6.103521837971185,6.123610520087354]},{"species":[{"element":"O","occu":1}],"abc":[0.20619165410889176,0.029137307847301997,0.08399452057669414],"properties":{},"label":"O","xyz":[1.0412362369218604,0.198313737987791,0.6359501435357768]},{"species":[{"element":"O","occu":1}],"abc":[0.6821127281990119,0.5260899467159251,0.9094224725498166],"properties":{},"label":"O","xyz":[3.4108205496541824,3.3236020229173633,6.705325022382459]},{"species":[{"element":"O","occu":1}],"abc":[0.1643139356834046,0.5260659874355166,0.07576897967590292],"properties":{},"label":"O","xyz":[0.8290585789633089,2.9220401923649595,0.04563416604649251]},{"species":[{"element":"Li","occu":1}],"abc":[0.8858806662008046,0.27572628208907934,0.7517891426997237],"properties":{},"label":"Li","xyz":[4.452728196621682,1.8696751147672273,5.702591394872348]}]}'), (2, '{"@module":"pymatgen.core.structure","@class":"Structure","charge":0.0,"lattice":{"matrix":[[5.142690771475121,0.07058670609482756,-0.08307905340027169],[0.09994822517023996,5.624965792063972,-0.8157391611334713],[-0.12730353121074361,0.8667956508163118,8.069539869221808]],"pbc":[true,true,true],"a":5.143846127481515,"b":5.684686463527368,"c":8.116958456853965,"alpha":92.13583588649598,"beta":91.73469535581827,"gamma":88.08171659992216,"volume":236.95128940468769},"properties":{"charge":0,"spin":0},"sites":[{"species":[{"element":"Te","occu":1}],"abc":[0.9112309555698759,0.12360298261797217,0.3535462874019751],"properties":{},"label":"Te","xyz":[4.653525233797351,1.0660357249507766,2.6764238632334396]},{"species":[{"element":"Te","occu":1}],"abc":[0.387443040976004,0.8938346611475643,0.656097393337341],"properties":{},"label":"Te","xyz":[1.9983134242868872,5.6238400878347266,4.533079735860832]},{"species":[{"element":"Te","occu":1}],"abc":[0.4425525493934349,0.30521680663753314,0.01973340722571107],"properties":{},"label":"Te","xyz":[2.3039046573513025,1.7651772547937126,-0.12650463233035664]},{"species":[{"element":"Te","occu":1}],"abc":[0.9559523526806597,0.78590472435912,1.0028603412635808],"properties":{},"label":"Te","xyz":[4.8670494616992945,5.357439700284278,7.372108629951842]},{"species":[{"element":"O","occu":1}],"abc":[0.19681197180380555,0.8648485669258503,0.44681361377821605],"properties":{},"label":"O","xyz":[1.0417022395895166,5.265932010231593,2.88373847368751]},{"species":[{"element":"O","occu":1}],"abc":[0.7101084730389943,0.10711908465354375,0.5436014309541009],"properties":{},"label":"O","xyz":[3.5933722717052374,1.1238567610637769,4.240237048041884]},{"species":[{"element":"O","occu":1}],"abc":[0.1310703212428371,0.7179905764402404,0.7974712310016061],"properties":{},"label":"O","xyz":[0.6442951115284944,4.7391688484272905,5.838643664380031]},{"species":[{"element":"O","occu":1}],"abc":[0.592129226242347,0.30901713350824744,0.23878400620992368],"properties":{},"label":"O","xyz":[3.045625174171395,1.9869841948757405,1.6256061453727497]},{"species":[{"element":"O","occu":1}],"abc":[0.7751521663322755,0.8465451611392584,0.22640490637847593],"properties":{},"label":"O","xyz":[4.0421564346028465,5.012749799161615,1.0720244707791489]},{"species":[{"element":"O","occu":1}],"abc":[0.24602168329777,0.18660433811486732,0.7212008683859408],"properties":{},"label":"O","xyz":[1.19205279542408,1.692142654880643,5.64709944635573]},{"species":[{"element":"O","occu":1}],"abc":[0.7323254796031642,1.0337434056747488,0.9117252588237763],"properties":{},"label":"O","xyz":[3.7533784594076187,6.656743227174499,6.453097439656327]},{"species":[{"element":"O","occu":1}],"abc":[0.19910536364865603,0.016265487333004734,0.10272725555963745],"properties":{},"label":"O","xyz":[1.012485480393274,0.19459053996456244,0.7991518042629324]},{"species":[{"element":"O","occu":1}],"abc":[0.7161934041634594,0.5417416166993585,0.9351560913840242],"properties":{},"label":"O","xyz":[3.6182586506063084,3.908421028244118,7.044858841342172]},{"species":[{"element":"O","occu":1}],"abc":[0.18545798207698552,0.5583498568913717,0.12143946947876863],"properties":{},"label":"O","xyz":[0.9940994568510553,3.259052917073225,0.5090851231800265]},{"species":[{"element":"Li","occu":1}],"abc":[0.8824472683823193,0.25271433602756554,0.7503169312566227],"properties":{},"label":"Li","xyz":[4.467893777908037,2.1341699940437846,5.775250527117088]},{"species":[{"element":"Li","occu":1}],"abc":[0.40187326340309715,0.7755942406659327,0.25453988473257994],"properties":{},"label":"Li","xyz":[2.111825364652085,4.611692047244393,1.3879499025854902]}]}')]
2026-09-10 00:34:38 - mpelectroml.intercalation - INFO - 3 64 sites
2026-09-10 00:34:48 - mpelectroml.intercalation - INFO - -1.8799173390506336 -1.8799173390506336
2026-09-10 00:34:57 - mpelectroml.intercalation - INFO - -2.037628129684789 -2.037628129684789
2026-09-10 00:35:10 - mpelectroml.intercalation - INFO - -2.435243800842626 -2.435243800842626
2026-09-10 00:35:17 - mpelectroml.intercalation - INFO - -1.8692163979648182 -2.435243800842626
2026-09-10 00:35:28 - mpelectroml.intercalation - INFO - -2.434495404922826 -2.435243800842626
2026-09-10 00:35:39 - mpelectroml.intercalation - INFO - -2.434472278320653 -2.435243800842626
2026-09-10 00:35:51 - mpelectroml.intercalation - INFO - -2.0370454346774647 -2.435243800842626
2026-09-10 00:35:59 - mpelectroml.intercalation - INFO - -2.036482289993627 -2.435243800842626
2026-09-10 00:36:12 - mpelectroml.intercalation - INFO - -1.966689304077489 -2.435243800842626
2026-09-10 00:36:20 - mpelectroml.intercalation - INFO - -2.0342580830691883 -2.435243800842626
2026-09-10 00:36:31 - mpelectroml.intercalation - INFO - -2.393935397827489 -2.435243800842626
2026-09-10 00:36:41 - mpelectroml.intercalation - INFO - -2.4352783715365955 -2.4352783715365955
2026-09-10 00:36:51 - mpelectroml.intercalation - INFO - -1.966529325210912 -2.4352783715365955
2026-09-10 00:37:01 - mpelectroml.intercalation - INFO - -2.4336683308719227 -2.4352783715365955
2026-09-10 00:37:09 - mpelectroml.intercalation - INFO - -2.0364810979007313 -2.4352783715365955
2026-09-10 00:37:28 - mpelectroml.intercalation - INFO - -2.433739379608495 -2.4352783715365955
2026-09-10 00:37:43 - mpelectroml.intercalation - INFO - -2.4338798081515858 -2.4352783715365955
2026-09-10 00:38:08 - mpelectroml.intercalation - INFO - -2.475318387710912 -2.475318387710912
2026-09-10 00:38:45 - mpelectroml.intercalation - INFO - -2.4771716153262684 -2.4771716153262684
2026-09-10 00:39:15 - mpelectroml.intercalation - INFO - -2.475448087417943 -2.4771716153262684
2026-09-10 00:39:39 - mpelectroml.intercalation - INFO - -2.476685241424901 -2.4771716153262684
2026-09-10 00:39:48 - mpelectroml.intercalation - INFO - -1.9656636273501942 -2.4771716153262684
2026-09-10 00:40:12 - mpelectroml.intercalation - INFO - -2.4771294152377674 -2.4771716153262684
2026-09-10 00:40:36 - mpelectroml.intercalation - INFO - -2.0359813725589344 -2.4771716153262684
2026-09-10 00:40:53 - mpelectroml.intercalation - INFO - -2.43395562525974 -2.4771716153262684
2026-09-10 00:42:06 - mpelectroml.intercalation - INFO - -2.037429050171239 -2.4771716153262684
2026-09-10 00:42:21 - mpelectroml.intercalation - INFO - -2.4761809861301014 -2.4771716153262684
2026-09-10 00:42:31 - mpelectroml.intercalation - INFO - -1.8607241665957996 -2.4771716153262684
2026-09-10 00:42:55 - mpelectroml.intercalation - INFO - -1.9111279999850819 -2.4771716153262684
2026-09-10 00:42:59 - mpelectroml.intercalation - INFO - stopped - failed checks
2026-09-10 00:42:59 - mpelectroml.intercalation - INFO - 2 intercalated [(0, '{"@module":"pymatgen.core.structure","@class":"Structure","charge":0.0,"lattice":{"matrix":[[4.80261655097853,3.5542279884529906e-8,-2.0074073819992568e-7],[9.921577674864602e-8,5.3520005351846445,-1.3218672425341105],[-3.3734020993463023e-7,0.1304545073020291,8.159665798338622]],"pbc":[true,true,true],"a":4.8026165509785335,"b":5.512825295209478,"c":8.160708567217224,"alpha":102.95762626005104,"beta":90.00000475621893,"gamma":89.99999798293854,"volume":210.56101783578487},"properties":{"charge":0,"spin":0},"sites":[{"species":[{"element":"Te","occu":1}],"abc":[0.8854235639472897,0.1289148586142371,0.3725278649657638],"properties":{},"label":"Te","xyz":[4.252349749961409,0.7385503628470074,2.8692943722705953]},{"species":[{"element":"Te","occu":1}],"abc":[0.38542319305805167,0.871085328413944,0.6274710139958861],"properties":{},"label":"Te","xyz":[1.851039680865796,4.743905579538877,3.9684945338984905]},{"species":[{"element":"Te","occu":1}],"abc":[0.4919311830261664,0.2567163839287237,0.010525509563778696],"properties":{},"label":"Te","xyz":[2.362556863463553,1.3753193418257972,-0.2534604368901678]},{"species":[{"element":"Te","occu":1}],"abc":[0.9919297999871445,0.7432850347003592,0.989477826964781],"properties":{},"label":"Te","xyz":[4.763858214782026,4.107143781169479,7.091284044541991]},{"species":[{"element":"O","occu":1}],"abc":[0.04297230092773998,0.8799162693787881,0.5122916566277745],"properties":{},"label":"O","xyz":[0.2063793981541952,4.7761431018206,3.016996208068954]},{"species":[{"element":"O","occu":1}],"abc":[0.5429710641591464,0.12008332874125471,0.4877090184303151],"properties":{},"label":"O","xyz":[2.60768166682344,0.7063098986944614,3.8208082695932113]},{"species":[{"element":"O","occu":1}],"abc":[0.17033999195223612,0.6724469164302458,0.7773020877479827],"properties":{},"label":"O","xyz":[0.8180774691454523,3.7003388235542127,5.453639675008031]},{"species":[{"element":"O","occu":1}],"abc":[0.6703391726107812,0.32755252700663295,0.22269661108981037],"properties":{},"label":"O","xyz":[3.219381962523648,1.7821131003435178,1.3841488306917253]},{"species":[{"element":"O","occu":1}],"abc":[0.8003013592364359,0.8239643086080342,0.20745672284984806],"properties":{},"label":"O","xyz":[3.8435405654062853,4.43692111365365,0.6036059368540072]},{"species":[{"element":"O","occu":1}],"abc":[0.30030066996855104,0.17603557841876644,0.7925426048325168],"properties":{},"label":"O","xyz":[1.4422287179699222,1.0455332756114395,6.234187061463199]},{"species":[{"element":"O","occu":1}],"abc":[0.7235075768547328,0.9636361145300301,0.9021888941437647],"properties":{},"label":"O","xyz":[3.474729254624225,5.2750756340819684,6.08776070442828]},{"species":[{"element":"O","occu":1}],"abc":[0.2235075347622583,0.03636349484712723,0.09781060061068408],"properties":{},"label":"O","xyz":[1.0734209563300148,0.2073772855385587,0.7500340549884147]},{"species":[{"element":"O","occu":1}],"abc":[0.7370342567883433,0.46719227777007516,0.9070696054403649],"properties":{},"label":"O","xyz":[3.5396926606516512,2.618744665321822,6.783818520322294]},{"species":[{"element":"O","occu":1}],"abc":[0.2370342986302463,0.5328075059091533,0.0929299575093811],"properties":{},"label":"O","xyz":[1.1383848672651076,2.863709197021408,0.05397655971030901]}]}'), (1, '{"@module":"pymatgen.core.structure","@class":"Structure","charge":0.0,"lattice":{"matrix":[[5.071549264389169,-0.01325182631804423,-0.027453069968033005],[-0.0004621415520357494,5.488111615688452,-1.0577270658880993],[-0.05311571762031026,0.4897623802976766,8.00564193906044]],"pbc":[true,true,true],"a":5.071640880728619,"b":5.589110471778275,"c":8.020784956913916,"alpha":97.4078675392675,"beta":90.69813909736801,"gamma":90.09304753693112,"volume":225.44131040880575},"properties":{"charge":0,"spin":0},"sites":[{"species":[{"element":"Te","occu":1}],"abc":[0.9009063343213656,0.14949947179331394,0.3502542788896599],"properties":{},"label":"Te","xyz":[4.550317759820333,0.9800725027553678,2.6211480621319017]},{"species":[{"element":"Te","occu":1}],"abc":[0.3862533140695048,0.893572947966556,0.6375289401005094],"properties":{},"label":"Te","xyz":[1.9246269464908912,5.2111472045796905,4.14806828856721]},{"species":[{"element":"Te","occu":1}],"abc":[0.44573580428752935,0.2868393606469021,0.01223715550971985],"properties":{},"label":"Te","xyz":[2.2597885446624897,1.5742929119512736,-0.2176682861772113]},{"species":[{"element":"Te","occu":1}],"abc":[0.9503458859906367,0.7784047244640971,0.9882417997984756],"properties":{},"label":"Te","xyz":[4.766875073464929,4.743381847593926,7.062080341016471]},{"species":[{"element":"O","occu":1}],"abc":[0.16015846745822565,0.9008989144450622,0.45184269931273896],"properties":{},"label":"O","xyz":[0.7878352657754178,5.1634069606684765,2.659988856425486]},{"species":[{"element":"O","occu":1}],"abc":[0.6856757062296787,0.14540773259985426,0.5434489693211351],"properties":{},"label":"O","xyz":[3.4485052425879195,1.0550882717077608,4.178032263037661]},{"species":[{"element":"O","occu":1}],"abc":[0.10208949928997055,0.716225590508904,0.7640788633386475],"properties":{},"label":"O","xyz":[0.47683633027516,4.30359019325563,5.356567930563544]},{"species":[{"element":"O","occu":1}],"abc":[0.6043840325402712,0.32899889587874465,0.23337895327586455],"properties":{},"label":"O","xyz":[3.0526152609970882,1.911873701459959,1.5037651020881495]},{"species":[{"element":"O","occu":1}],"abc":[0.7791121326465946,0.8537571004409609,0.21465416391157727],"properties":{},"label":"O","xyz":[3.9395094966127036,4.780319135500557,0.7940133642834378]},{"species":[{"element":"O","occu":1}],"abc":[0.2688187283050555,0.1942855921573298,0.7645034417264469],"properties":{},"label":"O","xyz":[1.322630487413941,1.4371237013467253,5.907459786947512]},{"species":[{"element":"O","occu":1}],"abc":[0.7146879316720531,1.0331988116604431,0.9038717070409932],"properties":{},"label":"O","xyz":[3.5760877756806586,6.103521837971185,6.123610520087354]},{"species":[{"element":"O","occu":1}],"abc":[0.20619165410889176,0.029137307847301997,0.08399452057669414],"properties":{},"label":"O","xyz":[1.0412362369218604,0.198313737987791,0.6359501435357768]},{"species":[{"element":"O","occu":1}],"abc":[0.6821127281990119,0.5260899467159251,0.9094224725498166],"properties":{},"label":"O","xyz":[3.4108205496541824,3.3236020229173633,6.705325022382459]},{"species":[{"element":"O","occu":1}],"abc":[0.1643139356834046,0.5260659874355166,0.07576897967590292],"properties":{},"label":"O","xyz":[0.8290585789633089,2.9220401923649595,0.04563416604649251]},{"species":[{"element":"Li","occu":1}],"abc":[0.8858806662008046,0.27572628208907934,0.7517891426997237],"properties":{},"label":"Li","xyz":[4.452728196621682,1.8696751147672273,5.702591394872348]}]}'), (2, '{"@module":"pymatgen.core.structure","@class":"Structure","charge":0.0,"lattice":{"matrix":[[5.142690771475121,0.07058670609482756,-0.08307905340027169],[0.09994822517023996,5.624965792063972,-0.8157391611334713],[-0.12730353121074361,0.8667956508163118,8.069539869221808]],"pbc":[true,true,true],"a":5.143846127481515,"b":5.684686463527368,"c":8.116958456853965,"alpha":92.13583588649598,"beta":91.73469535581827,"gamma":88.08171659992216,"volume":236.95128940468769},"properties":{"charge":0,"spin":0},"sites":[{"species":[{"element":"Te","occu":1}],"abc":[0.9112309555698759,0.12360298261797217,0.3535462874019751],"properties":{},"label":"Te","xyz":[4.653525233797351,1.0660357249507766,2.6764238632334396]},{"species":[{"element":"Te","occu":1}],"abc":[0.387443040976004,0.8938346611475643,0.656097393337341],"properties":{},"label":"Te","xyz":[1.9983134242868872,5.6238400878347266,4.533079735860832]},{"species":[{"element":"Te","occu":1}],"abc":[0.4425525493934349,0.30521680663753314,0.01973340722571107],"properties":{},"label":"Te","xyz":[2.3039046573513025,1.7651772547937126,-0.12650463233035664]},{"species":[{"element":"Te","occu":1}],"abc":[0.9559523526806597,0.78590472435912,1.0028603412635808],"properties":{},"label":"Te","xyz":[4.8670494616992945,5.357439700284278,7.372108629951842]},{"species":[{"element":"O","occu":1}],"abc":[0.19681197180380555,0.8648485669258503,0.44681361377821605],"properties":{},"label":"O","xyz":[1.0417022395895166,5.265932010231593,2.88373847368751]},{"species":[{"element":"O","occu":1}],"abc":[0.7101084730389943,0.10711908465354375,0.5436014309541009],"properties":{},"label":"O","xyz":[3.5933722717052374,1.1238567610637769,4.240237048041884]},{"species":[{"element":"O","occu":1}],"abc":[0.1310703212428371,0.7179905764402404,0.7974712310016061],"properties":{},"label":"O","xyz":[0.6442951115284944,4.7391688484272905,5.838643664380031]},{"species":[{"element":"O","occu":1}],"abc":[0.592129226242347,0.30901713350824744,0.23878400620992368],"properties":{},"label":"O","xyz":[3.045625174171395,1.9869841948757405,1.6256061453727497]},{"species":[{"element":"O","occu":1}],"abc":[0.7751521663322755,0.8465451611392584,0.22640490637847593],"properties":{},"label":"O","xyz":[4.0421564346028465,5.012749799161615,1.0720244707791489]},{"species":[{"element":"O","occu":1}],"abc":[0.24602168329777,0.18660433811486732,0.7212008683859408],"properties":{},"label":"O","xyz":[1.19205279542408,1.692142654880643,5.64709944635573]},{"species":[{"element":"O","occu":1}],"abc":[0.7323254796031642,1.0337434056747488,0.9117252588237763],"properties":{},"label":"O","xyz":[3.7533784594076187,6.656743227174499,6.453097439656327]},{"species":[{"element":"O","occu":1}],"abc":[0.19910536364865603,0.016265487333004734,0.10272725555963745],"properties":{},"label":"O","xyz":[1.012485480393274,0.19459053996456244,0.7991518042629324]},{"species":[{"element":"O","occu":1}],"abc":[0.7161934041634594,0.5417416166993585,0.9351560913840242],"properties":{},"label":"O","xyz":[3.6182586506063084,3.908421028244118,7.044858841342172]},{"species":[{"element":"O","occu":1}],"abc":[0.18545798207698552,0.5583498568913717,0.12143946947876863],"properties":{},"label":"O","xyz":[0.9940994568510553,3.259052917073225,0.5090851231800265]},{"species":[{"element":"Li","occu":1}],"abc":[0.8824472683823193,0.25271433602756554,0.7503169312566227],"properties":{},"label":"Li","xyz":[4.467893777908037,2.1341699940437846,5.775250527117088]},{"species":[{"element":"Li","occu":1}],"abc":[0.40187326340309715,0.7755942406659327,0.25453988473257994],"properties":{},"label":"Li","xyz":[2.111825364652085,4.611692047244393,1.3879499025854902]}]}')]
2026-09-10 00:43:06 - mpelectroml.intercalation - INFO - All specified rows (14530 to 14530) processed.
2026-09-10 00:43:07 - mpelectroml.intercalation - INFO - Final DataFrame saved to ./Li_Na_intercalation_data.h5 (key: intercalation_data).
2026-09-10 00:43:07 - mpelectroml.intercalation - INFO - Resuming from ./Li_Na_intercalation_data.h5.
2026-09-10 00:43:07 - mpelectroml.intercalation - INFO - Starting intercalation (Li -> Na) with model 'uma-s-1p2'.
2026-09-10 00:43:07 - mpelectroml.intercalation - INFO - Processing DataFrame rows from index 2962 to 2962.
2026-09-10 00:43:07 - mpelectroml.intercalation - INFO - Processing row 2962...
2026-09-10 00:43:07 - mpelectroml.intercalation - INFO - CUDATrue
2026-09-10 00:43:09 - mpelectroml.intercalation - INFO - 2 1 sites
2026-09-10 00:43:12 - mpelectroml.intercalation - INFO - stopped - failed checks
2026-09-10 00:43:12 - mpelectroml.intercalation - INFO - 1 intercalated [(1, '{"@module":"pymatgen.core.structure","@class":"Structure","charge":0.0,"lattice":{"matrix":[[4.01142218,0.0,0.0],[0.0,4.01142218,0.0],[-0.0,-0.0,4.01142218]],"pbc":[true,true,true],"a":4.01142218,"b":4.01142218,"c":4.01142218,"alpha":90.0,"beta":90.0,"gamma":90.0,"volume":64.54983172455981},"properties":{"charge":0,"spin":0},"sites":[{"species":[{"element":"Ba","occu":1}],"abc":[0.0,0.0,0.0],"properties":{},"label":"Ba","xyz":[0.0,0.0,0.0]},{"species":[{"element":"Li","occu":1}],"abc":[0.5,0.5,0.5],"properties":{},"label":"Li","xyz":[2.00571109,2.00571109,2.00571109]},{"species":[{"element":"H","occu":1}],"abc":[0.5,0.0,0.5],"properties":{},"label":"H","xyz":[2.00571109,0.0,2.00571109]},{"species":[{"element":"H","occu":1}],"abc":[0.5,0.5,0.0],"properties":{},"label":"H","xyz":[2.00571109,2.00571109,0.0]},{"species":[{"element":"H","occu":1}],"abc":[0.0,0.5,0.5],"properties":{},"label":"H","xyz":[0.0,2.00571109,2.00571109]}]}')]
2026-09-10 00:43:15 - mpelectroml.intercalation - INFO - All specified rows (2962 to 2962) processed.
2026-09-10 00:43:15 - mpelectroml.intercalation - INFO - Final DataFrame saved to ./Li_Na_intercalation_data.h5 (key: intercalation_data).
2026-09-10 00:43:16 - mpelectroml.intercalation - INFO - Resuming from ./Li_Na_intercalation_data.h5.
2026-09-10 00:43:16 - mpelectroml.intercalation - INFO - Starting intercalation (Li -> Na) with model 'uma-s-1p2'.
2026-09-10 00:43:16 - mpelectroml.intercalation - INFO - Processing DataFrame rows from index 5886 to 5886.
2026-09-10 00:43:16 - mpelectroml.intercalation - INFO - Processing row 5886...
2026-09-10 00:43:16 - mpelectroml.intercalation - INFO - CUDATrue
2026-09-10 00:43:20 - mpelectroml.intercalation - INFO - first ion16
2026-09-10 00:43:44 - mpelectroml.intercalation - INFO - dE -1.6476478135226866-1.6476478135226866
2026-09-10 00:44:08 - mpelectroml.intercalation - INFO - dE -1.7270397698520323-1.7270397698520323
2026-09-10 00:44:42 - mpelectroml.intercalation - INFO - dE -1.7270397698520323-1.5441946541904112
2026-09-10 00:45:06 - mpelectroml.intercalation - INFO - dE -1.7270397698520323-1.3202800309299132
2026-09-10 00:45:30 - mpelectroml.intercalation - INFO - dE -1.7270397698520323-1.319220975601544
2026-09-10 00:45:54 - mpelectroml.intercalation - INFO - dE -1.7270397698520323-1.473787740433087
2026-09-10 00:46:38 - mpelectroml.intercalation - INFO - dE -1.7270397698520323-1.6438135659335753
2026-09-10 00:47:23 - mpelectroml.intercalation - INFO - dE -1.7270397698520323-1.4717225587009093
2026-09-10 00:48:09 - mpelectroml.intercalation - INFO - dE -1.7270397698520323-1.3199972664950987
2026-09-10 00:48:55 - mpelectroml.intercalation - INFO - dE -1.7270397698520323-1.3181657349704405
2026-09-10 00:49:41 - mpelectroml.intercalation - INFO - dE -1.7270397698520323-1.3191031968234679
2026-09-10 00:50:17 - mpelectroml.intercalation - INFO - dE -1.7270397698520323-1.7259954964755675
2026-09-10 00:50:50 - mpelectroml.intercalation - INFO - dE -1.7270397698520323-1.6460375344394347
2026-09-10 00:51:41 - mpelectroml.intercalation - INFO - dE -1.7270397698520323-1.3189034020541808
2026-09-10 00:52:14 - mpelectroml.intercalation - INFO - dE -1.7270397698520323-1.7261499917148253
2026-09-10 00:52:43 - mpelectroml.intercalation - INFO - dE -1.7270397698520323-1.5424842393039366
2026-09-10 00:52:43 - mpelectroml.intercalation - INFO - first ion success
2026-09-10 00:52:43 - mpelectroml.intercalation - INFO - 1 16 sites
2026-09-10 00:53:07 - mpelectroml.intercalation - INFO - -1.6476473366855284 -1.6476473366855284
2026-09-10 00:53:31 - mpelectroml.intercalation - INFO - -1.727038816177716 -1.727038816177716
2026-09-10 00:54:04 - mpelectroml.intercalation - INFO - -1.5441932236789366 -1.727038816177716
2026-09-10 00:54:29 - mpelectroml.intercalation - INFO - -1.3202824151157042 -1.727038816177716
2026-09-10 00:54:53 - mpelectroml.intercalation - INFO - -1.3192224061130187 -1.727038816177716
2026-09-10 00:55:16 - mpelectroml.intercalation - INFO - -1.4737872635959288 -1.727038816177716
2026-09-10 00:56:08 - mpelectroml.intercalation - INFO - -1.3199963128207823 -1.727038816177716
2026-09-10 00:56:54 - mpelectroml.intercalation - INFO - -1.3181652581332823 -1.727038816177716
2026-09-10 00:57:40 - mpelectroml.intercalation - INFO - -1.319101289474835 -1.727038816177716
2026-09-10 00:58:16 - mpelectroml.intercalation - INFO - -1.725994542801251 -1.727038816177716
2026-09-10 00:58:50 - mpelectroml.intercalation - INFO - -1.6460351502536437 -1.727038816177716
2026-09-10 00:59:40 - mpelectroml.intercalation - INFO - -1.3189048325656554 -1.727038816177716
2026-09-10 01:00:14 - mpelectroml.intercalation - INFO - -1.726149514877667 -1.727038816177716
2026-09-10 01:00:42 - mpelectroml.intercalation - INFO - -1.5424832856296202 -1.727038816177716
2026-09-10 01:00:42 - mpelectroml.intercalation - INFO - 1 intercalating [(0, '{"@module":"pymatgen.core.structure","@class":"Structure","charge":0.0,"lattice":{"matrix":[[13.212288406448886,-1.680167025860165,0.0067577378356834476],[13.212288649100673,1.6801687488253871,0.006756764643792846],[12.997143865927608,5.444131425382793e-9,2.9089288953698063]],"pbc":[true,true,true],"a":13.318692572358298,"b":13.318693029931744,"c":13.31869422991372,"alpha":14.494471258399846,"beta":14.494464084210085,"gamma":14.494471622077581,"volume":128.8547061070301},"properties":{"charge":0,"spin":0},"sites":[{"species":[{"element":"Ta","occu":1}],"abc":[0.9174253146790531,0.917425069840194,0.917425480237481],"properties":{"magmom":-0.001},"label":"Ta","xyz":[36.16648363848103,1.174315896443412e-6,2.6811240338469755]},{"species":[{"element":"Ta","occu":1}],"abc":[0.0823510020881779,0.08235106169197562,0.08235047384017624],"properties":{"magmom":0.256},"label":"Ta","xyz":[3.246412143711438,2.4248067763039835e-7,0.24066460612572088]},{"species":[{"element":"S","occu":1}],"abc":[0.623026510642019,0.6230275688900695,0.6230279878538248],"properties":{"magmom":0.001},"label":"S","xyz":[24.560810410624462,2.8548801594966744e-6,1.8207640169652837]},{"species":[{"element":"S","occu":1}],"abc":[0.45507737591992287,0.45507790294623673,0.4550777327068032],"properties":{"magmom":0.005},"label":"S","xyz":[17.939944911627553,1.672053137396568e-6,1.329938914196413]},{"species":[{"element":"S","occu":1}],"abc":[0.21178703323795395,0.21178565160461707,0.21178573124698255],"properties":{"magmom":0.0},"label":"S","xyz":[8.348974142391807,-1.9553224728953773e-6,0.6189318203018156]},{"species":[{"element":"S","occu":1}],"abc":[0.3763317547345659,0.3763317402861929,0.37633160746779143],"properties":{"magmom":0.006},"label":"S","xyz":[14.835643304092322,6.261796192007725e-7,1.0998078235388677]}]}'), (1, '{"@module":"pymatgen.core.structure","@class":"Structure","charge":0.0,"lattice":{"matrix":[[13.175402501605536,-1.6841282475544121,0.0017284145467346594],[13.175402274731702,1.684126309390074,0.0017282698988286696],[12.959750233615502,-1.0794827216101292e-6,2.910739665702383]],"pbc":[true,true,true],"a":13.282602230773191,"b":13.282601759967886,"c":13.282602588317978,"alpha":14.56850262817447,"beta":14.568501408387082,"gamma":14.568503209203586,"volume":129.09767740231797},"properties":{"charge":0,"spin":0},"sites":[{"species":[{"element":"Ta","occu":1}],"abc":[0.9170584171475861,0.9170581891055554,0.9170586670589269],"properties":{"magmom":-0.001},"label":"Ta","xyz":[36.050075588863436,-3.151410489351043e-6,2.6724890191566826]},{"species":[{"element":"Ta","occu":1}],"abc":[0.08215937208304297,0.08215958386145915,0.0821594085422632],"properties":{"magmom":0.256},"label":"Ta","xyz":[3.22973377862185,1.0873357548558462e-7,0.23942864874415964]},{"species":[{"element":"S","occu":1}],"abc":[0.6241400032465514,0.6241398972730017,0.6241401498661427],"properties":{"magmom":0.001},"label":"S","xyz":[24.53529043544477,-2.061907247156248e-6,1.8188669460307367]},{"species":[{"element":"S","occu":1}],"abc":[0.45431787670045,0.4543181741465653,0.4543177224893553],"properties":{"magmom":0.005},"label":"S","xyz":[17.85948980447292,-8.700340099463287e-7,1.3239710497331332]},{"species":[{"element":"S","occu":1}],"abc":[0.2116246731335495,0.2116242902947495,0.21162491528164404],"properties":{"magmom":0.0},"label":"S","xyz":[8.319081448803292,-1.2833577293638455e-6,0.616716554215457]},{"species":[{"element":"S","occu":1}],"abc":[0.3750619993609893,0.37506207258998514,0.37506214336074667],"properties":{"magmom":0.006},"label":"S","xyz":[14.743898189045396,-1.0084780164510123e-6,1.0930047288893514]},{"species":[{"element":"Li","occu":1}],"abc":[1.0013159459491545,1.0013158257539674,1.001316295476466],"properties":{"magmom":null},"label":"Li","xyz":[39.362288521743814,-3.2240423745339083e-6,2.918032292205244]}]}')]
/home/jiyang/chem/.venv/lib/python3.11/site-packages/pymatgen/core/structure.py:2913: UserWarning: Not all sites have property magmom. Missing values are set to None.
  return cls.from_sites(sites, charge=charge, properties=dct.get("properties"))
/home/jiyang/chem/.venv/lib/python3.11/site-packages/pymatgen/core/structure.py:3162: UserWarning: Not all sites have property magmom. Missing values are set to None.
  return cls.from_sites(struct, properties=struct.properties)
/home/jiyang/chem/.venv/lib/python3.11/site-packages/pymatgen/core/structure.py:1173: UserWarning: Not all sites have property magmom. Missing values are set to None.
  return Structure.from_sites(new_sites, charge=new_charge, to_unit_cell=True)
2026-09-10 01:00:42 - mpelectroml.structure_manipulation - INFO - Symmetry reduction unavailable (ValueError: Symmetry detection failed for structure with formula Li1 Ta2 S4. Try setting symprec=0.1 to a different value.); using all sites.
2026-09-10 01:00:42 - mpelectroml.intercalation - INFO - 2 15 sites
2026-09-10 01:01:19 - mpelectroml.intercalation - INFO - -1.2660157239078185 -1.2660157239078185
2026-09-10 01:04:31 - mpelectroml.intercalation - INFO - -1.2661969220279357 -1.2661969220279357
2026-09-10 01:04:33 - mpelectroml.intercalation - INFO - 2 intercalating [(0, '{"@module":"pymatgen.core.structure","@class":"Structure","charge":0.0,"lattice":{"matrix":[[13.212288406448886,-1.680167025860165,0.0067577378356834476],[13.212288649100673,1.6801687488253871,0.006756764643792846],[12.997143865927608,5.444131425382793e-9,2.9089288953698063]],"pbc":[true,true,true],"a":13.318692572358298,"b":13.318693029931744,"c":13.31869422991372,"alpha":14.494471258399846,"beta":14.494464084210085,"gamma":14.494471622077581,"volume":128.8547061070301},"properties":{"charge":0,"spin":0},"sites":[{"species":[{"element":"Ta","occu":1}],"abc":[0.9174253146790531,0.917425069840194,0.917425480237481],"properties":{"magmom":-0.001},"label":"Ta","xyz":[36.16648363848103,1.174315896443412e-6,2.6811240338469755]},{"species":[{"element":"Ta","occu":1}],"abc":[0.0823510020881779,0.08235106169197562,0.08235047384017624],"properties":{"magmom":0.256},"label":"Ta","xyz":[3.246412143711438,2.4248067763039835e-7,0.24066460612572088]},{"species":[{"element":"S","occu":1}],"abc":[0.623026510642019,0.6230275688900695,0.6230279878538248],"properties":{"magmom":0.001},"label":"S","xyz":[24.560810410624462,2.8548801594966744e-6,1.8207640169652837]},{"species":[{"element":"S","occu":1}],"abc":[0.45507737591992287,0.45507790294623673,0.4550777327068032],"properties":{"magmom":0.005},"label":"S","xyz":[17.939944911627553,1.672053137396568e-6,1.329938914196413]},{"species":[{"element":"S","occu":1}],"abc":[0.21178703323795395,0.21178565160461707,0.21178573124698255],"properties":{"magmom":0.0},"label":"S","xyz":[8.348974142391807,-1.9553224728953773e-6,0.6189318203018156]},{"species":[{"element":"S","occu":1}],"abc":[0.3763317547345659,0.3763317402861929,0.37633160746779143],"properties":{"magmom":0.006},"label":"S","xyz":[14.835643304092322,6.261796192007725e-7,1.0998078235388677]}]}'), (1, '{"@module":"pymatgen.core.structure","@class":"Structure","charge":0.0,"lattice":{"matrix":[[13.175402501605536,-1.6841282475544121,0.0017284145467346594],[13.175402274731702,1.684126309390074,0.0017282698988286696],[12.959750233615502,-1.0794827216101292e-6,2.910739665702383]],"pbc":[true,true,true],"a":13.282602230773191,"b":13.282601759967886,"c":13.282602588317978,"alpha":14.56850262817447,"beta":14.568501408387082,"gamma":14.568503209203586,"volume":129.09767740231797},"properties":{"charge":0,"spin":0},"sites":[{"species":[{"element":"Ta","occu":1}],"abc":[0.9170584171475861,0.9170581891055554,0.9170586670589269],"properties":{"magmom":-0.001},"label":"Ta","xyz":[36.050075588863436,-3.151410489351043e-6,2.6724890191566826]},{"species":[{"element":"Ta","occu":1}],"abc":[0.08215937208304297,0.08215958386145915,0.0821594085422632],"properties":{"magmom":0.256},"label":"Ta","xyz":[3.22973377862185,1.0873357548558462e-7,0.23942864874415964]},{"species":[{"element":"S","occu":1}],"abc":[0.6241400032465514,0.6241398972730017,0.6241401498661427],"properties":{"magmom":0.001},"label":"S","xyz":[24.53529043544477,-2.061907247156248e-6,1.8188669460307367]},{"species":[{"element":"S","occu":1}],"abc":[0.45431787670045,0.4543181741465653,0.4543177224893553],"properties":{"magmom":0.005},"label":"S","xyz":[17.85948980447292,-8.700340099463287e-7,1.3239710497331332]},{"species":[{"element":"S","occu":1}],"abc":[0.2116246731335495,0.2116242902947495,0.21162491528164404],"properties":{"magmom":0.0},"label":"S","xyz":[8.319081448803292,-1.2833577293638455e-6,0.616716554215457]},{"species":[{"element":"S","occu":1}],"abc":[0.3750619993609893,0.37506207258998514,0.37506214336074667],"properties":{"magmom":0.006},"label":"S","xyz":[14.743898189045396,-1.0084780164510123e-6,1.0930047288893514]},{"species":[{"element":"Li","occu":1}],"abc":[1.0013159459491545,1.0013158257539674,1.001316295476466],"properties":{"magmom":null},"label":"Li","xyz":[39.362288521743814,-3.2240423745339083e-6,2.918032292205244]}]}'), (2, '{"@module":"pymatgen.core.structure","@class":"Structure","charge":0.0,"lattice":{"matrix":[[13.473079095475265,-1.6867279186631374,0.02228999318032839],[13.473078833139422,1.6867257384133436,0.022289918957300335],[13.257093734184954,-1.137432154770366e-6,2.935792300324151]],"pbc":[true,true,true],"a":13.578269706716178,"b":13.578269175454679,"c":13.578269798012183,"alpha":14.271721143995123,"beta":14.271720460988506,"gamma":14.271718881239474,"volume":132.4372750341465},"properties":{"charge":0,"spin":0},"sites":[{"species":[{"element":"Ta","occu":1}],"abc":[0.9277024388891892,0.9277021804420373,0.9277027932359412],"properties":{"magmom":-0.001},"label":"Ta","xyz":[37.29665583438433,-3.5137515013363867e-6,2.764899604826062]},{"species":[{"element":"Ta","occu":1}],"abc":[0.08808359178007755,0.08808376538561741,0.08808347627853105],"properties":{"magmom":0.256},"label":"Ta","xyz":[3.541247615484064,5.917213680313058e-10,0.2625215540962725]},{"species":[{"element":"S","occu":1}],"abc":[0.6336993328058824,0.6336991232352123,0.6336993520792291],"properties":{"magmom":0.001},"label":"S","xyz":[25.47677118728952,-2.4559011025464307e-6,1.888659934461451]},{"species":[{"element":"S","occu":1}],"abc":[0.45978558030052935,0.4597858492759703,0.459785423168201],"properties":{"magmom":0.005},"label":"S","xyz":[18.484876936557868,-1.0717343420198414e-6,1.3703317119058729]},{"species":[{"element":"S","occu":1}],"abc":[0.22076591549532323,0.22076567241487977,0.22076632529999812],"properties":{"magmom":0.0},"label":"S","xyz":[8.875509817003849,-1.1424415993226292e-6,0.6579657976841127]},{"species":[{"element":"S","occu":1}],"abc":[0.3824530467369729,0.38245314346100234,0.38245316398939233],"properties":{"magmom":0.006},"label":"S","xyz":[15.375858944767781,-1.1057107927179824e-6,1.1398527794509412]},{"species":[{"element":"Li","occu":1}],"abc":[1.0088384991963957,1.0088384351435327,1.0088385848567882],"properties":{"magmom":null},"label":"Li","xyz":[40.55858834293237,-3.455044987947267e-6,3.0067144799199714]},{"species":[{"element":"Li","occu":1}],"abc":[0.5181719290032154,0.5181715760405142,0.5181725378401159],"properties":{"magmom":null},"label":"Li","xyz":[20.832199782228177,-2.314481620362914e-6,1.544346998030076]}]}')]
/home/jiyang/chem/.venv/lib/python3.11/site-packages/pymatgen/core/structure.py:2913: UserWarning: Not all sites have property magmom. Missing values are set to None.
  return cls.from_sites(sites, charge=charge, properties=dct.get("properties"))
/home/jiyang/chem/.venv/lib/python3.11/site-packages/pymatgen/core/structure.py:3162: UserWarning: Not all sites have property magmom. Missing values are set to None.
  return cls.from_sites(struct, properties=struct.properties)
/home/jiyang/chem/.venv/lib/python3.11/site-packages/pymatgen/core/structure.py:1173: UserWarning: Not all sites have property magmom. Missing values are set to None.
  return Structure.from_sites(new_sites, charge=new_charge, to_unit_cell=True)
2026-09-10 01:04:34 - mpelectroml.structure_manipulation - INFO - Symmetry reduction unavailable (ValueError: Symmetry detection failed for structure with formula Li2 Ta2 S4. Try setting symprec=0.1 to a different value.); using all sites.
2026-09-10 01:04:34 - mpelectroml.intercalation - INFO - 3 16 sites
2026-09-10 01:05:25 - mpelectroml.intercalation - INFO - 1.4105833018185 1.4105833018185
2026-09-10 01:06:10 - mpelectroml.intercalation - INFO - 0.08441571835292372 0.08441571835292372
2026-09-10 01:07:03 - mpelectroml.intercalation - INFO - 1.4104292834164003 0.08441571835292372
2026-09-10 01:07:50 - mpelectroml.intercalation - INFO - 0.0847032511593202 0.08441571835292372
2026-09-10 01:08:30 - mpelectroml.intercalation - INFO - 0.08452920559657606 0.08441571835292372
2026-09-10 01:08:33 - mpelectroml.intercalation - INFO - stopped - failed checks
2026-09-10 01:08:33 - mpelectroml.intercalation - INFO - 2 intercalated [(0, '{"@module":"pymatgen.core.structure","@class":"Structure","charge":0.0,"lattice":{"matrix":[[13.212288406448886,-1.680167025860165,0.0067577378356834476],[13.212288649100673,1.6801687488253871,0.006756764643792846],[12.997143865927608,5.444131425382793e-9,2.9089288953698063]],"pbc":[true,true,true],"a":13.318692572358298,"b":13.318693029931744,"c":13.31869422991372,"alpha":14.494471258399846,"beta":14.494464084210085,"gamma":14.494471622077581,"volume":128.8547061070301},"properties":{"charge":0,"spin":0},"sites":[{"species":[{"element":"Ta","occu":1}],"abc":[0.9174253146790531,0.917425069840194,0.917425480237481],"properties":{"magmom":-0.001},"label":"Ta","xyz":[36.16648363848103,1.174315896443412e-6,2.6811240338469755]},{"species":[{"element":"Ta","occu":1}],"abc":[0.0823510020881779,0.08235106169197562,0.08235047384017624],"properties":{"magmom":0.256},"label":"Ta","xyz":[3.246412143711438,2.4248067763039835e-7,0.24066460612572088]},{"species":[{"element":"S","occu":1}],"abc":[0.623026510642019,0.6230275688900695,0.6230279878538248],"properties":{"magmom":0.001},"label":"S","xyz":[24.560810410624462,2.8548801594966744e-6,1.8207640169652837]},{"species":[{"element":"S","occu":1}],"abc":[0.45507737591992287,0.45507790294623673,0.4550777327068032],"properties":{"magmom":0.005},"label":"S","xyz":[17.939944911627553,1.672053137396568e-6,1.329938914196413]},{"species":[{"element":"S","occu":1}],"abc":[0.21178703323795395,0.21178565160461707,0.21178573124698255],"properties":{"magmom":0.0},"label":"S","xyz":[8.348974142391807,-1.9553224728953773e-6,0.6189318203018156]},{"species":[{"element":"S","occu":1}],"abc":[0.3763317547345659,0.3763317402861929,0.37633160746779143],"properties":{"magmom":0.006},"label":"S","xyz":[14.835643304092322,6.261796192007725e-7,1.0998078235388677]}]}'), (1, '{"@module":"pymatgen.core.structure","@class":"Structure","charge":0.0,"lattice":{"matrix":[[13.175402501605536,-1.6841282475544121,0.0017284145467346594],[13.175402274731702,1.684126309390074,0.0017282698988286696],[12.959750233615502,-1.0794827216101292e-6,2.910739665702383]],"pbc":[true,true,true],"a":13.282602230773191,"b":13.282601759967886,"c":13.282602588317978,"alpha":14.56850262817447,"beta":14.568501408387082,"gamma":14.568503209203586,"volume":129.09767740231797},"properties":{"charge":0,"spin":0},"sites":[{"species":[{"element":"Ta","occu":1}],"abc":[0.9170584171475861,0.9170581891055554,0.9170586670589269],"properties":{"magmom":-0.001},"label":"Ta","xyz":[36.050075588863436,-3.151410489351043e-6,2.6724890191566826]},{"species":[{"element":"Ta","occu":1}],"abc":[0.08215937208304297,0.08215958386145915,0.0821594085422632],"properties":{"magmom":0.256},"label":"Ta","xyz":[3.22973377862185,1.0873357548558462e-7,0.23942864874415964]},{"species":[{"element":"S","occu":1}],"abc":[0.6241400032465514,0.6241398972730017,0.6241401498661427],"properties":{"magmom":0.001},"label":"S","xyz":[24.53529043544477,-2.061907247156248e-6,1.8188669460307367]},{"species":[{"element":"S","occu":1}],"abc":[0.45431787670045,0.4543181741465653,0.4543177224893553],"properties":{"magmom":0.005},"label":"S","xyz":[17.85948980447292,-8.700340099463287e-7,1.3239710497331332]},{"species":[{"element":"S","occu":1}],"abc":[0.2116246731335495,0.2116242902947495,0.21162491528164404],"properties":{"magmom":0.0},"label":"S","xyz":[8.319081448803292,-1.2833577293638455e-6,0.616716554215457]},{"species":[{"element":"S","occu":1}],"abc":[0.3750619993609893,0.37506207258998514,0.37506214336074667],"properties":{"magmom":0.006},"label":"S","xyz":[14.743898189045396,-1.0084780164510123e-6,1.0930047288893514]},{"species":[{"element":"Li","occu":1}],"abc":[1.0013159459491545,1.0013158257539674,1.001316295476466],"properties":{"magmom":null},"label":"Li","xyz":[39.362288521743814,-3.2240423745339083e-6,2.918032292205244]}]}'), (2, '{"@module":"pymatgen.core.structure","@class":"Structure","charge":0.0,"lattice":{"matrix":[[13.473079095475265,-1.6867279186631374,0.02228999318032839],[13.473078833139422,1.6867257384133436,0.022289918957300335],[13.257093734184954,-1.137432154770366e-6,2.935792300324151]],"pbc":[true,true,true],"a":13.578269706716178,"b":13.578269175454679,"c":13.578269798012183,"alpha":14.271721143995123,"beta":14.271720460988506,"gamma":14.271718881239474,"volume":132.4372750341465},"properties":{"charge":0,"spin":0},"sites":[{"species":[{"element":"Ta","occu":1}],"abc":[0.9277024388891892,0.9277021804420373,0.9277027932359412],"properties":{"magmom":-0.001},"label":"Ta","xyz":[37.29665583438433,-3.5137515013363867e-6,2.764899604826062]},{"species":[{"element":"Ta","occu":1}],"abc":[0.08808359178007755,0.08808376538561741,0.08808347627853105],"properties":{"magmom":0.256},"label":"Ta","xyz":[3.541247615484064,5.917213680313058e-10,0.2625215540962725]},{"species":[{"element":"S","occu":1}],"abc":[0.6336993328058824,0.6336991232352123,0.6336993520792291],"properties":{"magmom":0.001},"label":"S","xyz":[25.47677118728952,-2.4559011025464307e-6,1.888659934461451]},{"species":[{"element":"S","occu":1}],"abc":[0.45978558030052935,0.4597858492759703,0.459785423168201],"properties":{"magmom":0.005},"label":"S","xyz":[18.484876936557868,-1.0717343420198414e-6,1.3703317119058729]},{"species":[{"element":"S","occu":1}],"abc":[0.22076591549532323,0.22076567241487977,0.22076632529999812],"properties":{"magmom":0.0},"label":"S","xyz":[8.875509817003849,-1.1424415993226292e-6,0.6579657976841127]},{"species":[{"element":"S","occu":1}],"abc":[0.3824530467369729,0.38245314346100234,0.38245316398939233],"properties":{"magmom":0.006},"label":"S","xyz":[15.375858944767781,-1.1057107927179824e-6,1.1398527794509412]},{"species":[{"element":"Li","occu":1}],"abc":[1.0088384991963957,1.0088384351435327,1.0088385848567882],"properties":{"magmom":null},"label":"Li","xyz":[40.55858834293237,-3.455044987947267e-6,3.0067144799199714]},{"species":[{"element":"Li","occu":1}],"abc":[0.5181719290032154,0.5181715760405142,0.5181725378401159],"properties":{"magmom":null},"label":"Li","xyz":[20.832199782228177,-2.314481620362914e-6,1.544346998030076]}]}')]
/home/jiyang/chem/.venv/lib/python3.11/site-packages/pymatgen/core/structure.py:2913: UserWarning: Not all sites have property magmom. Missing values are set to None.
  return cls.from_sites(sites, charge=charge, properties=dct.get("properties"))
/home/jiyang/chem/.venv/lib/python3.11/site-packages/pymatgen/core/structure.py:3162: UserWarning: Not all sites have property magmom. Missing values are set to None.
  return cls.from_sites(struct, properties=struct.properties)
2026-09-10 01:08:59 - mpelectroml.intercalation - INFO - All specified rows (5886 to 5886) processed.
2026-09-10 01:08:59 - mpelectroml.intercalation - INFO - Final DataFrame saved to ./Li_Na_intercalation_data.h5 (key: intercalation_data).
2026-09-10 01:09:00 - mpelectroml.intercalation - INFO - Resuming from ./Li_Na_intercalation_data.h5.
2026-09-10 01:09:00 - mpelectroml.intercalation - INFO - Starting intercalation (Li -> Na) with model 'uma-s-1p2'.
2026-09-10 01:09:00 - mpelectroml.intercalation - INFO - Processing DataFrame rows from index 1595 to 1595.
2026-09-10 01:09:00 - mpelectroml.intercalation - INFO - Processing row 1595...
2026-09-10 01:09:00 - mpelectroml.intercalation - INFO - CUDATrue
2026-09-10 01:09:03 - mpelectroml.intercalation - INFO - 2 0 sites
2026-09-10 01:09:03 - mpelectroml.intercalation - INFO - 1 intercalated [(1, '{"@module":"pymatgen.core.structure","@class":"Structure","charge":0.0,"lattice":{"matrix":[[3.6100265000271463,-1.166356687436157e-7,2.0842501321186675],[1.2033423792809934,3.4035656976221977,2.0842501573892376],[-2.1906344095795772e-7,-1.2395121097017702e-7,4.168499622070279]],"pbc":[true,true,true],"a":4.168499723417881,"b":4.168499857068629,"c":4.168499622070286,"alpha":59.99999897771437,"beta":59.99999871926267,"gamma":59.99999658811689,"volume":51.21820072738108},"properties":{"charge":0,"spin":0},"sites":[{"species":[{"element":"Li","occu":1}],"abc":[0.49999999661660083,0.5000000088983,0.50000000247188],"properties":{},"label":"Li","xyz":[2.40668432861589,1.7017827588036079,4.168499977587556]},{"species":[{"element":"Cu","occu":1}],"abc":[0.2500000106411943,0.2499999991175903,0.24999998502147747],"properties":{},"label":"Cu","xyz":[1.2033422024143305,0.8508913612554908,2.0842499357963287]},{"species":[{"element":"Cu","occu":1}],"abc":[0.7500000017158953,0.7500000038550085,0.7499999953548646],"properties":{},"label":"Cu","xyz":[3.610026506016848,2.552674105897264,6.25274992593155]},{"species":[{"element":"Ge","occu":1}],"abc":[-8.854714487505406e-9,-1.17877506675136e-8,1.6894690358949634e-8],"properties":{},"label":"Ge","xyz":[-4.6150457585694745e-8,-4.012038488541424e-8,2.7401449351789395e-8]}]}')]
2026-09-10 01:09:05 - mpelectroml.intercalation - INFO - All specified rows (1595 to 1595) processed.
2026-09-10 01:09:06 - mpelectroml.intercalation - INFO - Final DataFrame saved to ./Li_Na_intercalation_data.h5 (key: intercalation_data).
2026-09-10 01:09:06 - mpelectroml.intercalation - INFO - Resuming from ./Li_Na_intercalation_data.h5.
2026-09-10 01:09:06 - mpelectroml.intercalation - INFO - Starting intercalation (Li -> Na) with model 'uma-s-1p2'.
2026-09-10 01:09:06 - mpelectroml.intercalation - INFO - Processing DataFrame rows from index 7901 to 7901.
2026-09-10 01:09:06 - mpelectroml.intercalation - INFO - Processing row 7901...
2026-09-10 01:09:06 - mpelectroml.intercalation - INFO - CUDATrue
2026-09-10 01:09:11 - mpelectroml.intercalation - INFO - first ion6
2026-09-10 01:09:25 - mpelectroml.intercalation - INFO - dE -2.616738990509381-2.616738990509381
2026-09-10 01:09:39 - mpelectroml.intercalation - INFO - dE -2.6169416463016173-2.6169416463016173
2026-09-10 01:09:51 - mpelectroml.intercalation - INFO - dE -2.6170970952151915-2.6170970952151915
2026-09-10 01:10:02 - mpelectroml.intercalation - INFO - dE -2.6170970952151915-2.6158899819492003
2026-09-10 01:10:14 - mpelectroml.intercalation - INFO - dE -2.6170970952151915-2.6159634148715636
2026-09-10 01:10:27 - mpelectroml.intercalation - INFO - dE -2.6170970952151915-2.6160013234256407
2026-09-10 01:10:27 - mpelectroml.intercalation - INFO - first ion success
2026-09-10 01:10:27 - mpelectroml.intercalation - INFO - 1 6 sites
2026-09-10 01:10:42 - mpelectroml.intercalation - INFO - -2.61673660632359 -2.61673660632359
2026-09-10 01:10:56 - mpelectroml.intercalation - INFO - -2.6169464146731993 -2.6169464146731993
2026-09-10 01:11:08 - mpelectroml.intercalation - INFO - -2.6170987641452452 -2.6170987641452452
2026-09-10 01:11:19 - mpelectroml.intercalation - INFO - -2.61588735934483 -2.6170987641452452
2026-09-10 01:11:31 - mpelectroml.intercalation - INFO - -2.615964130127301 -2.6170987641452452
2026-09-10 01:11:44 - mpelectroml.intercalation - INFO - -2.615502074921002 -2.6170987641452452
2026-09-10 01:11:44 - mpelectroml.intercalation - INFO - stopped - failed checks
2026-09-10 01:11:44 - mpelectroml.intercalation - INFO - 0 intercalated [(0, '{"@module":"pymatgen.core.structure","@class":"Structure","charge":0.0,"lattice":{"matrix":[[5.051373595223681,-0.027927587382673532,-0.6899548834599899],[-0.7868541067616278,4.989791343317555,-0.6899542253682929],[-0.02400355001691241,-0.02792864386917048,5.098219121044709]],"pbc":[true,true,true],"a":5.098351977832672,"b":5.098352073786001,"c":5.098352124534718,"alpha":98.04553427162413,"beta":98.04554212816242,"gamma":98.04553665709314,"volume":128.19451063585566},"properties":{"charge":0,"spin":0},"sites":[{"species":[{"element":"K","occu":1}],"abc":[0.5000427710602471,0.5000427907929866,0.5000427957080702],"properties":{},"label":"K","xyz":[2.12043932446683,2.4671786834426617,1.8593141542150788]},{"species":[{"element":"As","occu":1}],"abc":[-0.000014423701782888408,-0.00001688027180978767,-0.000016333647676146277],"properties":{},"label":"As","xyz":[-0.00005918512960572627,-0.00008337003832837105,-0.00006167419655573372]},{"species":[{"element":"F","occu":1}],"abc":[0.77824161440975,0.07513740458909078,0.7297026224946068],"properties":{},"label":"F","xyz":[3.854551512964803,0.33280595561268106,3.1313908905252292]},{"species":[{"element":"F","occu":1}],"abc":[0.07513706478120694,0.7297034224757921,0.7782423006565666],"properties":{},"label":"F","xyz":[-0.21330532762377905,3.617234171657584,3.4123466336356127]},{"species":[{"element":"F","occu":1}],"abc":[0.27030039894273644,0.22174105637675828,0.9248492602392955],"properties":{},"label":"F","xyz":[1.1687107716737934,1.0730629799339046,4.375597923599532]},{"species":[{"element":"F","occu":1}],"abc":[0.924848937267448,0.2703011468397071,0.22174167015220117],"properties":{},"label":"F","xyz":[4.453747346559935,1.3167245789416324,0.305888163587932]},{"species":[{"element":"F","occu":1}],"abc":[0.22174100471676408,0.9248493266093126,0.27030034435343564],"properties":{},"label":"F","xyz":[0.38588699759109174,4.601063350447507,0.5869553942168831]},{"species":[{"element":"F","occu":1}],"abc":[0.7297026726129789,0.7782417421442658,0.07513732602665094],"properties":{},"label":"F","xyz":[3.071834539378395,3.860786589187181,-0.6573465485403066]}]}')]
2026-09-10 01:11:44 - mpelectroml.intercalation - INFO - All specified rows (7901 to 7901) processed.
2026-09-10 01:11:44 - mpelectroml.intercalation - INFO - Final DataFrame saved to ./Li_Na_intercalation_data.h5 (key: intercalation_data).
2026-09-10 01:11:45 - mpelectroml.intercalation - INFO - Resuming from ./Li_Na_intercalation_data.h5.
2026-09-10 01:11:45 - mpelectroml.intercalation - INFO - Starting intercalation (Li -> Na) with model 'uma-s-1p2'.
2026-09-10 01:11:45 - mpelectroml.intercalation - INFO - Processing DataFrame rows from index 7548 to 7548.
2026-09-10 01:11:45 - mpelectroml.intercalation - INFO - Processing row 7548...
2026-09-10 01:11:45 - mpelectroml.intercalation - INFO - CUDATrue
2026-09-10 01:11:50 - mpelectroml.intercalation - INFO - first ion6
2026-09-10 01:11:56 - mpelectroml.intercalation - INFO - dE -2.1189653432010314-2.1189653432010314
2026-09-10 01:12:02 - mpelectroml.intercalation - INFO - dE -2.1189653432010314-2.079631999695172
2026-09-10 01:12:08 - mpelectroml.intercalation - INFO - dE -2.1189653432010314-1.8184005772708556
2026-09-10 01:12:23 - mpelectroml.intercalation - INFO - dE -2.1189653432010314-2.115753368103375
2026-09-10 01:12:29 - mpelectroml.intercalation - INFO - dE -2.1189653432010314-2.0802812134860655
2026-09-10 01:12:36 - mpelectroml.intercalation - INFO - dE -2.1189653432010314-1.8172874009250304
2026-09-10 01:12:36 - mpelectroml.intercalation - INFO - first ion success
2026-09-10 01:12:36 - mpelectroml.intercalation - INFO - 1 6 sites
2026-09-10 01:12:42 - mpelectroml.intercalation - INFO - -2.1189653432010314 -2.1189653432010314
2026-09-10 01:12:47 - mpelectroml.intercalation - INFO - -2.079631761276593 -2.1189653432010314
2026-09-10 01:12:54 - mpelectroml.intercalation - INFO - -1.8183998620151183 -2.1189653432010314
2026-09-10 01:13:09 - mpelectroml.intercalation - INFO - -2.1157516991733214 -2.1189653432010314
2026-09-10 01:13:15 - mpelectroml.intercalation - INFO - -2.080281928741803 -2.1189653432010314
2026-09-10 01:13:21 - mpelectroml.intercalation - INFO - -1.8172878777621886 -2.1189653432010314
2026-09-10 01:13:21 - mpelectroml.intercalation - INFO - 1 intercalating [(0, '{"@module":"pymatgen.core.structure","@class":"Structure","charge":0.0,"lattice":{"matrix":[[4.876288827477325,-0.05042570694818144,3.1061220547446085],[1.6787807787295357,4.578478544281944,3.1061195241574464],[-0.07299758501857542,-0.05041625706834451,5.781081455067186]],"pbc":[true,true,true],"a":5.781758357097974,"b":5.781760041875997,"c":5.781762122097126,"alpha":58.224451443464346,"beta":58.224488903371494,"gamma":58.22446863111471,"volume":131.10800182944033},"properties":{"charge":0,"spin":0},"sites":[{"species":[{"element":"Mn","occu":1}],"abc":[0.5000376418404375,0.5000403048730371,0.5000393047494907],"properties":{},"label":"Mn","xyz":[3.2412843569744645,2.23899894541437,5.997130852846821]},{"species":[{"element":"Sn","occu":1}],"abc":[0.00005096927895903126,0.000021106642387325575,0.00002138042244837188],"properties":{},"label":"Sn","xyz":[0.0002824136318704514,0.00009298822651366682,0.0003474785192155433]},{"species":[{"element":"F","occu":1}],"abc":[0.24105100970269477,0.8421014735860676,0.6748452676886174],"properties":{},"label":"F","xyz":[2.5398760382590035,3.809365188850042,7.265737148057955]},{"species":[{"element":"F","occu":1}],"abc":[0.8420989263329933,0.6748411436534535,0.24105463244124437],"properties":{},"label":"F","xyz":[5.22163152074375,3.0351291910187066,6.105355764630512]},{"species":[{"element":"F","occu":1}],"abc":[0.3251720584024078,0.7587099018170899,0.15804969619459552],"properties":{},"label":"F","xyz":[2.8478032290626443,3.449371701766149,4.280365909045642]},{"species":[{"element":"F","occu":1}],"abc":[0.15805154831075185,0.32517530396194233,0.7587074829483815],"properties":{},"label":"F","xyz":[1.2612192352113012,1.4425870997622858,5.887110519898172]},{"species":[{"element":"F","occu":1}],"abc":[0.7587001927522753,0.15805536906076287,0.32518513131907856],"properties":{},"label":"F","xyz":[3.941243859606783,0.6690005052966258,4.727476001516687]},{"species":[{"element":"F","occu":1}],"abc":[0.6748386804170798,0.24105641062837704,0.8420980862176992],"properties":{},"label":"F","xyz":[3.6339180597771445,1.0271869528961206,7.7131189616950655]}]}'), (1, '{"@module":"pymatgen.core.structure","@class":"Structure","charge":0.0,"lattice":{"matrix":[[4.910370190042719,0.06534452181278423,3.3287764578823618],[1.7991211362031558,4.569374320916045,3.328771891578485],[0.09460163193307433,0.06535335264017832,5.931570040412447]],"pbc":[true,true,true],"a":5.932685565268308,"b":5.932684118806841,"c":5.932684356493629,"alpha":54.94902001913356,"beta":54.949024101350375,"gamma":54.949019197895,"volume":130.2960062705033},"properties":{"charge":0,"spin":0},"sites":[{"species":[{"element":"Mn","occu":1}],"abc":[0.5010793305459086,0.5010790030412525,0.5010799690450243],"properties":{},"label":"Mn","xyz":[3.409389815638948,2.3551075744096335,6.3081497120748296]},{"species":[{"element":"Sn","occu":1}],"abc":[0.00669178866299251,0.006691724390285055,0.006692571119468858],"properties":{},"label":"Sn","xyz":[0.045531510506762185,0.03145164728231168,0.0842481469646357]},{"species":[{"element":"F","occu":1}],"abc":[0.21927692915158092,0.8576610815033308,0.649081377671731],"properties":{},"label":"F","xyz":[2.681171233286646,3.975722712117542,7.434953633712889]},{"species":[{"element":"F","occu":1}],"abc":[0.8576611351993585,0.6490807593335426,0.21927708194757822],"properties":{},"label":"F","xyz":[5.399952554458662,3.036266903118818,6.316261352555522]},{"species":[{"element":"F","occu":1}],"abc":[0.42894020610028943,0.7364797303556563,0.09038070164582668],"properties":{},"label":"F","xyz":[3.439821612484655,3.3991871422827353,4.415518547144904]},{"species":[{"element":"F","occu":1}],"abc":[0.09038030810777117,0.4289400769352396,0.736480512044836],"properties":{},"label":"F","xyz":[1.2851881876044207,2.014025101390516,6.09718525375161]},{"species":[{"element":"F","occu":1}],"abc":[0.7364799263178401,0.09037974891833238,0.4289412156247224],"properties":{},"label":"F","xyz":[3.8195717313211417,0.4891365789748507,5.296725471894727]},{"species":[{"element":"F","occu":1}],"abc":[0.6490809651796602,0.21927676953608555,0.8576617856699486],"properties":{},"label":"F","xyz":[3.6628694976640905,1.1004225983039535,7.977848735743978]},{"species":[{"element":"Li","occu":1}],"abc":[0.8040126916870597,0.8040123723295768,0.8040132311727417],"properties":{},"label":"Li","xyz":[5.470576570267854,3.7789162729154597,10.121813099537986]}]}')]
2026-09-10 01:13:22 - mpelectroml.intercalation - INFO - 2 15 sites
2026-09-10 01:13:27 - mpelectroml.intercalation - INFO - -3.485074952804913 -3.485074952804913
2026-09-10 01:13:37 - mpelectroml.intercalation - INFO - -3.373356775009503 -3.485074952804913
2026-09-10 01:13:54 - mpelectroml.intercalation - INFO - -3.3731789147494933 -3.485074952804913
2026-09-10 01:13:59 - mpelectroml.intercalation - INFO - -3.3735384499667784 -3.485074952804913
2026-09-10 01:14:07 - mpelectroml.intercalation - INFO - -3.24881406184422 -3.485074952804913
2026-09-10 01:14:23 - mpelectroml.intercalation - INFO - -3.4853548562167784 -3.4853548562167784
2026-09-10 01:14:37 - mpelectroml.intercalation - INFO - -3.2483019387363097 -3.4853548562167784
2026-09-10 01:14:37 - mpelectroml.intercalation - INFO - 2 intercalating [(0, '{"@module":"pymatgen.core.structure","@class":"Structure","charge":0.0,"lattice":{"matrix":[[4.876288827477325,-0.05042570694818144,3.1061220547446085],[1.6787807787295357,4.578478544281944,3.1061195241574464],[-0.07299758501857542,-0.05041625706834451,5.781081455067186]],"pbc":[true,true,true],"a":5.781758357097974,"b":5.781760041875997,"c":5.781762122097126,"alpha":58.224451443464346,"beta":58.224488903371494,"gamma":58.22446863111471,"volume":131.10800182944033},"properties":{"charge":0,"spin":0},"sites":[{"species":[{"element":"Mn","occu":1}],"abc":[0.5000376418404375,0.5000403048730371,0.5000393047494907],"properties":{},"label":"Mn","xyz":[3.2412843569744645,2.23899894541437,5.997130852846821]},{"species":[{"element":"Sn","occu":1}],"abc":[0.00005096927895903126,0.000021106642387325575,0.00002138042244837188],"properties":{},"label":"Sn","xyz":[0.0002824136318704514,0.00009298822651366682,0.0003474785192155433]},{"species":[{"element":"F","occu":1}],"abc":[0.24105100970269477,0.8421014735860676,0.6748452676886174],"properties":{},"label":"F","xyz":[2.5398760382590035,3.809365188850042,7.265737148057955]},{"species":[{"element":"F","occu":1}],"abc":[0.8420989263329933,0.6748411436534535,0.24105463244124437],"properties":{},"label":"F","xyz":[5.22163152074375,3.0351291910187066,6.105355764630512]},{"species":[{"element":"F","occu":1}],"abc":[0.3251720584024078,0.7587099018170899,0.15804969619459552],"properties":{},"label":"F","xyz":[2.8478032290626443,3.449371701766149,4.280365909045642]},{"species":[{"element":"F","occu":1}],"abc":[0.15805154831075185,0.32517530396194233,0.7587074829483815],"properties":{},"label":"F","xyz":[1.2612192352113012,1.4425870997622858,5.887110519898172]},{"species":[{"element":"F","occu":1}],"abc":[0.7587001927522753,0.15805536906076287,0.32518513131907856],"properties":{},"label":"F","xyz":[3.941243859606783,0.6690005052966258,4.727476001516687]},{"species":[{"element":"F","occu":1}],"abc":[0.6748386804170798,0.24105641062837704,0.8420980862176992],"properties":{},"label":"F","xyz":[3.6339180597771445,1.0271869528961206,7.7131189616950655]}]}'), (1, '{"@module":"pymatgen.core.structure","@class":"Structure","charge":0.0,"lattice":{"matrix":[[4.910370190042719,0.06534452181278423,3.3287764578823618],[1.7991211362031558,4.569374320916045,3.328771891578485],[0.09460163193307433,0.06535335264017832,5.931570040412447]],"pbc":[true,true,true],"a":5.932685565268308,"b":5.932684118806841,"c":5.932684356493629,"alpha":54.94902001913356,"beta":54.949024101350375,"gamma":54.949019197895,"volume":130.2960062705033},"properties":{"charge":0,"spin":0},"sites":[{"species":[{"element":"Mn","occu":1}],"abc":[0.5010793305459086,0.5010790030412525,0.5010799690450243],"properties":{},"label":"Mn","xyz":[3.409389815638948,2.3551075744096335,6.3081497120748296]},{"species":[{"element":"Sn","occu":1}],"abc":[0.00669178866299251,0.006691724390285055,0.006692571119468858],"properties":{},"label":"Sn","xyz":[0.045531510506762185,0.03145164728231168,0.0842481469646357]},{"species":[{"element":"F","occu":1}],"abc":[0.21927692915158092,0.8576610815033308,0.649081377671731],"properties":{},"label":"F","xyz":[2.681171233286646,3.975722712117542,7.434953633712889]},{"species":[{"element":"F","occu":1}],"abc":[0.8576611351993585,0.6490807593335426,0.21927708194757822],"properties":{},"label":"F","xyz":[5.399952554458662,3.036266903118818,6.316261352555522]},{"species":[{"element":"F","occu":1}],"abc":[0.42894020610028943,0.7364797303556563,0.09038070164582668],"properties":{},"label":"F","xyz":[3.439821612484655,3.3991871422827353,4.415518547144904]},{"species":[{"element":"F","occu":1}],"abc":[0.09038030810777117,0.4289400769352396,0.736480512044836],"properties":{},"label":"F","xyz":[1.2851881876044207,2.014025101390516,6.09718525375161]},{"species":[{"element":"F","occu":1}],"abc":[0.7364799263178401,0.09037974891833238,0.4289412156247224],"properties":{},"label":"F","xyz":[3.8195717313211417,0.4891365789748507,5.296725471894727]},{"species":[{"element":"F","occu":1}],"abc":[0.6490809651796602,0.21927676953608555,0.8576617856699486],"properties":{},"label":"F","xyz":[3.6628694976640905,1.1004225983039535,7.977848735743978]},{"species":[{"element":"Li","occu":1}],"abc":[0.8040126916870597,0.8040123723295768,0.8040132311727417],"properties":{},"label":"Li","xyz":[5.470576570267854,3.7789162729154597,10.121813099537986]}]}'), (2, '{"@module":"pymatgen.core.structure","@class":"Structure","charge":0.0,"lattice":{"matrix":[[4.847151084865376,-0.0004866249069262958,3.173457406756219],[1.7151752670633948,4.533550153583938,3.173453101169441],[-0.0007001314275998402,-0.0004779759066805109,5.793591347277233]],"pbc":[true,true,true],"a":5.793591786518213,"b":5.793591958114489,"c":5.793591409297916,"alpha":56.793926302097724,"beta":56.7939265981121,"gamma":56.793922389133634,"volume":127.33268606400563},"properties":{"charge":0,"spin":0},"sites":[{"species":[{"element":"Mn","occu":1}],"abc":[0.5205964747116043,0.5205962259426694,0.5205970206660897],"properties":{},"label":"Mn","xyz":[3.415959051703574,2.3596469320335873,6.320304840628953]},{"species":[{"element":"Sn","occu":1}],"abc":[0.030818416626980455,0.030818215502440814,0.030818979221780854],"properties":{},"label":"Sn","xyz":[0.20221858525619796,0.13968619788561423,0.37415366541934547]},{"species":[{"element":"F","occu":1}],"abc":[0.21924089113055611,0.9338508601102284,0.59643923095628],"properties":{},"label":"F","xyz":[2.6639940358270233,4.233267938616782,7.114808705513642]},{"species":[{"element":"F","occu":1}],"abc":[0.9338510557667004,0.596438436846047,0.2192415188604474],"properties":{},"label":"F","xyz":[5.549360115388943,2.703424339619906,6.126501723429498]},{"species":[{"element":"F","occu":1}],"abc":[0.4946470900427263,0.6562591074049456,0.10076980368681421],"properties":{},"label":"F","xyz":[3.5231580168256507,2.974894704034113,4.236168033898166]},{"species":[{"element":"F","occu":1}],"abc":[0.10076929908874663,0.49464675704539335,0.656259900904939],"properties":{},"label":"F","xyz":[1.3363904328352194,2.2421431681009967,5.691627047143795]},{"species":[{"element":"F","occu":1}],"abc":[0.6562593212379009,0.10076901849850053,0.4946475615639131],"properties":{},"label":"F","xyz":[3.353478290802752,0.4562856175425371,5.268182590619562]},{"species":[{"element":"F","occu":1}],"abc":[0.5964386423498452,0.21924068791147533,0.9338516614447538],"properties":{},"label":"F","xyz":[3.266410598864518,0.9932020538595123,7.998877573582726]},{"species":[{"element":"Li","occu":1}],"abc":[0.8061201177363096,0.8061198168706694,0.8061206281334143],"properties":{},"label":"Li","xyz":[5.289458385017411,3.6538070352156886,9.786704787143293]},{"species":[{"element":"Li","occu":1}],"abc":[0.3110744937964305,0.31107421793239615,0.3110751510006286],"properties":{},"label":"Li","xyz":[2.0411540814084894,1.409970505459482,3.7766034011728458]}]}')]
2026-09-10 01:14:38 - mpelectroml.intercalation - INFO - 3 13 sites
2026-09-10 01:14:58 - mpelectroml.intercalation - INFO - stopped - failed checks
2026-09-10 01:14:58 - mpelectroml.intercalation - INFO - 2 intercalated [(0, '{"@module":"pymatgen.core.structure","@class":"Structure","charge":0.0,"lattice":{"matrix":[[4.876288827477325,-0.05042570694818144,3.1061220547446085],[1.6787807787295357,4.578478544281944,3.1061195241574464],[-0.07299758501857542,-0.05041625706834451,5.781081455067186]],"pbc":[true,true,true],"a":5.781758357097974,"b":5.781760041875997,"c":5.781762122097126,"alpha":58.224451443464346,"beta":58.224488903371494,"gamma":58.22446863111471,"volume":131.10800182944033},"properties":{"charge":0,"spin":0},"sites":[{"species":[{"element":"Mn","occu":1}],"abc":[0.5000376418404375,0.5000403048730371,0.5000393047494907],"properties":{},"label":"Mn","xyz":[3.2412843569744645,2.23899894541437,5.997130852846821]},{"species":[{"element":"Sn","occu":1}],"abc":[0.00005096927895903126,0.000021106642387325575,0.00002138042244837188],"properties":{},"label":"Sn","xyz":[0.0002824136318704514,0.00009298822651366682,0.0003474785192155433]},{"species":[{"element":"F","occu":1}],"abc":[0.24105100970269477,0.8421014735860676,0.6748452676886174],"properties":{},"label":"F","xyz":[2.5398760382590035,3.809365188850042,7.265737148057955]},{"species":[{"element":"F","occu":1}],"abc":[0.8420989263329933,0.6748411436534535,0.24105463244124437],"properties":{},"label":"F","xyz":[5.22163152074375,3.0351291910187066,6.105355764630512]},{"species":[{"element":"F","occu":1}],"abc":[0.3251720584024078,0.7587099018170899,0.15804969619459552],"properties":{},"label":"F","xyz":[2.8478032290626443,3.449371701766149,4.280365909045642]},{"species":[{"element":"F","occu":1}],"abc":[0.15805154831075185,0.32517530396194233,0.7587074829483815],"properties":{},"label":"F","xyz":[1.2612192352113012,1.4425870997622858,5.887110519898172]},{"species":[{"element":"F","occu":1}],"abc":[0.7587001927522753,0.15805536906076287,0.32518513131907856],"properties":{},"label":"F","xyz":[3.941243859606783,0.6690005052966258,4.727476001516687]},{"species":[{"element":"F","occu":1}],"abc":[0.6748386804170798,0.24105641062837704,0.8420980862176992],"properties":{},"label":"F","xyz":[3.6339180597771445,1.0271869528961206,7.7131189616950655]}]}'), (1, '{"@module":"pymatgen.core.structure","@class":"Structure","charge":0.0,"lattice":{"matrix":[[4.910370190042719,0.06534452181278423,3.3287764578823618],[1.7991211362031558,4.569374320916045,3.328771891578485],[0.09460163193307433,0.06535335264017832,5.931570040412447]],"pbc":[true,true,true],"a":5.932685565268308,"b":5.932684118806841,"c":5.932684356493629,"alpha":54.94902001913356,"beta":54.949024101350375,"gamma":54.949019197895,"volume":130.2960062705033},"properties":{"charge":0,"spin":0},"sites":[{"species":[{"element":"Mn","occu":1}],"abc":[0.5010793305459086,0.5010790030412525,0.5010799690450243],"properties":{},"label":"Mn","xyz":[3.409389815638948,2.3551075744096335,6.3081497120748296]},{"species":[{"element":"Sn","occu":1}],"abc":[0.00669178866299251,0.006691724390285055,0.006692571119468858],"properties":{},"label":"Sn","xyz":[0.045531510506762185,0.03145164728231168,0.0842481469646357]},{"species":[{"element":"F","occu":1}],"abc":[0.21927692915158092,0.8576610815033308,0.649081377671731],"properties":{},"label":"F","xyz":[2.681171233286646,3.975722712117542,7.434953633712889]},{"species":[{"element":"F","occu":1}],"abc":[0.8576611351993585,0.6490807593335426,0.21927708194757822],"properties":{},"label":"F","xyz":[5.399952554458662,3.036266903118818,6.316261352555522]},{"species":[{"element":"F","occu":1}],"abc":[0.42894020610028943,0.7364797303556563,0.09038070164582668],"properties":{},"label":"F","xyz":[3.439821612484655,3.3991871422827353,4.415518547144904]},{"species":[{"element":"F","occu":1}],"abc":[0.09038030810777117,0.4289400769352396,0.736480512044836],"properties":{},"label":"F","xyz":[1.2851881876044207,2.014025101390516,6.09718525375161]},{"species":[{"element":"F","occu":1}],"abc":[0.7364799263178401,0.09037974891833238,0.4289412156247224],"properties":{},"label":"F","xyz":[3.8195717313211417,0.4891365789748507,5.296725471894727]},{"species":[{"element":"F","occu":1}],"abc":[0.6490809651796602,0.21927676953608555,0.8576617856699486],"properties":{},"label":"F","xyz":[3.6628694976640905,1.1004225983039535,7.977848735743978]},{"species":[{"element":"Li","occu":1}],"abc":[0.8040126916870597,0.8040123723295768,0.8040132311727417],"properties":{},"label":"Li","xyz":[5.470576570267854,3.7789162729154597,10.121813099537986]}]}'), (2, '{"@module":"pymatgen.core.structure","@class":"Structure","charge":0.0,"lattice":{"matrix":[[4.847151084865376,-0.0004866249069262958,3.173457406756219],[1.7151752670633948,4.533550153583938,3.173453101169441],[-0.0007001314275998402,-0.0004779759066805109,5.793591347277233]],"pbc":[true,true,true],"a":5.793591786518213,"b":5.793591958114489,"c":5.793591409297916,"alpha":56.793926302097724,"beta":56.7939265981121,"gamma":56.793922389133634,"volume":127.33268606400563},"properties":{"charge":0,"spin":0},"sites":[{"species":[{"element":"Mn","occu":1}],"abc":[0.5205964747116043,0.5205962259426694,0.5205970206660897],"properties":{},"label":"Mn","xyz":[3.415959051703574,2.3596469320335873,6.320304840628953]},{"species":[{"element":"Sn","occu":1}],"abc":[0.030818416626980455,0.030818215502440814,0.030818979221780854],"properties":{},"label":"Sn","xyz":[0.20221858525619796,0.13968619788561423,0.37415366541934547]},{"species":[{"element":"F","occu":1}],"abc":[0.21924089113055611,0.9338508601102284,0.59643923095628],"properties":{},"label":"F","xyz":[2.6639940358270233,4.233267938616782,7.114808705513642]},{"species":[{"element":"F","occu":1}],"abc":[0.9338510557667004,0.596438436846047,0.2192415188604474],"properties":{},"label":"F","xyz":[5.549360115388943,2.703424339619906,6.126501723429498]},{"species":[{"element":"F","occu":1}],"abc":[0.4946470900427263,0.6562591074049456,0.10076980368681421],"properties":{},"label":"F","xyz":[3.5231580168256507,2.974894704034113,4.236168033898166]},{"species":[{"element":"F","occu":1}],"abc":[0.10076929908874663,0.49464675704539335,0.656259900904939],"properties":{},"label":"F","xyz":[1.3363904328352194,2.2421431681009967,5.691627047143795]},{"species":[{"element":"F","occu":1}],"abc":[0.6562593212379009,0.10076901849850053,0.4946475615639131],"properties":{},"label":"F","xyz":[3.353478290802752,0.4562856175425371,5.268182590619562]},{"species":[{"element":"F","occu":1}],"abc":[0.5964386423498452,0.21924068791147533,0.9338516614447538],"properties":{},"label":"F","xyz":[3.266410598864518,0.9932020538595123,7.998877573582726]},{"species":[{"element":"Li","occu":1}],"abc":[0.8061201177363096,0.8061198168706694,0.8061206281334143],"properties":{},"label":"Li","xyz":[5.289458385017411,3.6538070352156886,9.786704787143293]},{"species":[{"element":"Li","occu":1}],"abc":[0.3110744937964305,0.31107421793239615,0.3110751510006286],"properties":{},"label":"Li","xyz":[2.0411540814084894,1.409970505459482,3.7766034011728458]}]}')]
2026-09-10 01:15:02 - mpelectroml.intercalation - INFO - All specified rows (7548 to 7548) processed.
2026-09-10 01:15:03 - mpelectroml.intercalation - INFO - Final DataFrame saved to ./Li_Na_intercalation_data.h5 (key: intercalation_data).
2026-09-10 01:15:03 - mpelectroml.intercalation - INFO - Resuming from ./Li_Na_intercalation_data.h5.
2026-09-10 01:15:03 - mpelectroml.intercalation - INFO - Starting intercalation (Li -> Na) with model 'uma-s-1p2'.
2026-09-10 01:15:03 - mpelectroml.intercalation - INFO - Processing DataFrame rows from index 14332 to 14332.
2026-09-10 01:15:03 - mpelectroml.intercalation - INFO - Processing row 14332...
2026-09-10 01:15:03 - mpelectroml.intercalation - INFO - CUDATrue
2026-09-10 01:15:52 - mpelectroml.intercalation - INFO - 2 candidates
2026-09-10 01:17:31 - mpelectroml.intercalation - INFO - -73.55964424682846 0 -73.55964424682846 0
2026-09-10 01:19:11 - mpelectroml.intercalation - INFO - -73.55992534233322 1 -73.55992534233322 1
2026-09-10 01:19:12 - mpelectroml.intercalation - INFO - 2 36 sites
2026-09-10 02:10:40 - mpelectroml.intercalation - INFO - 1.0529745066524914 1.0529745066524914
2026-09-10 02:14:31 - mpelectroml.intercalation - INFO - stopped - failed checks
2026-09-10 02:14:31 - mpelectroml.intercalation - INFO - 1 intercalated [(1, '{"@module":"pymatgen.core.structure","@class":"Structure","charge":0.0,"lattice":{"matrix":[[4.5334404452035635,2.5983492934895223,-0.00007509664774815276],[-4.533438714542168,2.5983462736687577,-0.0000709011794627038],[-4.054486139446012e-6,0.05025861814621874,8.799924157003337]],"pbc":[true,true,true],"a":5.225275239336631,"b":5.225272236106464,"c":8.800067675746892,"alpha":89.83803643211095,"beta":89.83812814539003,"gamma":120.3615120108913,"volume":207.3166137313459},"properties":{"charge":0,"spin":0},"sites":[{"species":[{"element":"K","occu":1}],"abc":[0.03880265117540077,0.035683614833835864,0.5060421556730266],"properties":{"magmom":-0.0},"label":"K","xyz":[0.01413797551625861,0.21897420836951162,4.453127146209704]},{"species":[{"element":"K","occu":1}],"abc":[0.03567499895297964,0.03880871645400471,0.006020078860309809],"properties":{"magmom":-0.0},"label":"K","xyz":[-0.014206478906568225,0.19383715295349507,0.0529708067333056]},{"species":[{"element":"Li","occu":1}],"abc":[0.3653683604653316,0.7047148474669646,0.6917550684982162],"properties":{"magmom":-0.0},"label":"Li","xyz":[-1.538408674199504,2.815214473031717,6.087314734954017]},{"species":[{"element":"Li","occu":1}],"abc":[0.7046807175262908,0.3653840759427377,0.19173056088494175],"properties":{"magmom":-0.0},"label":"Li","xyz":[1.5381809728638298,2.790037109750319,1.6871355690456378]},{"species":[{"element":"S","occu":1}],"abc":[0.6995943007407066,0.36901202812453504,0.8022105755697234],"properties":{"magmom":0.0},"label":"S","xyz":[1.4986724312286748,2.8169293802656648,7.059313522384761]},{"species":[{"element":"S","occu":1}],"abc":[0.36903330178880317,0.6996011946012212,0.3022217763278286],"properties":{"magmom":0.0},"label":"S","xyz":[-1.4986098697427557,2.791872824875269,2.6594513945659957]},{"species":[{"element":"O","occu":1}],"abc":[0.9793709076652957,0.6430016502119955,0.7562756995542347],"properties":{"magmom":-0.0},"label":"O","xyz":[1.5249080427706732,4.253498019384674,6.655049660814444]},{"species":[{"element":"O","occu":1}],"abc":[0.6430608156225279,0.9793387033544367,0.25630023431549764],"properties":{"magmom":-0.0},"label":"O","xyz":[-1.5244951213335196,4.228438982071434,2.2553048954178503]},{"species":[{"element":"O","occu":1}],"abc":[0.4379761373458323,0.38657029224316747,0.7490730263072625],"properties":{"magmom":-0.0},"label":"O","xyz":[0.23304296922436912,2.1801058405916995,6.591725520731502]},{"species":[{"element":"O","occu":1}],"abc":[0.38649804130913495,0.4379100177477186,0.2491185460472137],"properties":{"magmom":-0.0},"label":"O","xyz":[-0.2330733855282573,2.1546191292666075,2.1921642382744033]},{"species":[{"element":"O","occu":1}],"abc":[0.3428429222574591,0.6877610275213621,0.47128026152529023],"properties":{"magmom":-0.0},"label":"O","xyz":[-1.5636664092041865,2.701552862564129,4.147156048693047]},{"species":[{"element":"O","occu":1}],"abc":[0.6877587602557977,0.3428249522476911,0.971264109499407],"properties":{"magmom":-0.0},"label":"O","xyz":[1.5637335314790721,2.7266298179937976,8.546974544943348]},{"species":[{"element":"O","occu":1}],"abc":[0.10290332501232198,0.6925153422164554,0.23637514960266762],"properties":{"magmom":-0.0},"label":"O","xyz":[-2.672970725641477,2.078653329133197,2.0800265612544826]},{"species":[{"element":"O","occu":1}],"abc":[0.6924337602856429,0.10287254414695385,0.7363327584575946],"properties":{"magmom":-0.0},"label":"O","xyz":[2.67273785475311,2.1034903305094277,6.479613135504991]}]}')]
/home/jiyang/chem/.venv/lib/python3.11/site-packages/pymatgen/core/structure.py:2913: UserWarning: Not all sites have property magmom. Missing values are set to None.
  return cls.from_sites(sites, charge=charge, properties=dct.get("properties"))
/home/jiyang/chem/.venv/lib/python3.11/site-packages/pymatgen/core/structure.py:3162: UserWarning: Not all sites have property magmom. Missing values are set to None.
  return cls.from_sites(struct, properties=struct.properties)
2026-09-10 02:15:16 - mpelectroml.intercalation - INFO - All specified rows (14332 to 14332) processed.
2026-09-10 02:15:17 - mpelectroml.intercalation - INFO - Final DataFrame saved to ./Li_Na_intercalation_data.h5 (key: intercalation_data).
2026-09-10 02:15:18 - mpelectroml.intercalation - INFO - Resuming from ./Li_Na_intercalation_data.h5.
2026-09-10 02:15:18 - mpelectroml.intercalation - INFO - Starting intercalation (Li -> Na) with model 'uma-s-1p2'.
2026-09-10 02:15:18 - mpelectroml.intercalation - INFO - Processing DataFrame rows from index 7734 to 7734.
2026-09-10 02:15:18 - mpelectroml.intercalation - INFO - Processing row 7734...
2026-09-10 02:15:18 - mpelectroml.intercalation - INFO - CUDATrue
2026-09-10 02:15:22 - mpelectroml.intercalation - INFO - 3 4 sites
2026-09-10 02:15:29 - mpelectroml.intercalation - INFO - -0.17353792544590263 -0.17353792544590263
2026-09-10 02:15:55 - mpelectroml.intercalation - INFO - 3 intercalating [(2, '{"@module":"pymatgen.core.structure","@class":"Structure","charge":0.0,"lattice":{"matrix":[[3.3078078977409966,-5.7293069845673354,1.2858919401049736e-7],[3.3078079653408414,5.729307023595989,2.8757013326206467e-7],[2.9998212475773354e-7,6.529566746730523e-8,4.812680921142422]],"pbc":[true,true,true],"a":6.615629343590055,"b":6.615629411189742,"c":4.812680921142432,"alpha":89.99999505057437,"beta":89.99999777387666,"gamma":120.00013514951762,"volume":182.4145362569045},"properties":{"charge":0,"spin":0},"sites":[{"species":[{"element":"Li","occu":1}],"abc":[0.3333330525704158,0.6666669371912856,0.2500000499648158],"properties":{},"label":"Li","xyz":[3.3078079839367995,1.9097721956943445,1.2031707053268499]},{"species":[{"element":"Li","occu":1}],"abc":[0.666666926038224,0.3333330414830787,0.7500000358630131],"properties":{},"label":"Li","xyz":[3.307808037827571,-1.9097720909934632,3.6095110450368453]},{"species":[{"element":"Hg","occu":1}],"abc":[0.8271153250540652,0.1728844656473427,0.2500001921208156],"properties":{},"label":"Hg","xyz":[3.3078072921040125,-3.748289409247048,1.2031713109762912]},{"species":[{"element":"Hg","occu":1}],"abc":[0.8271157383248354,0.6542316464540262,0.24999955456299477],"properties":{},"label":"Hg","xyz":[4.900012697890845,-0.9905059932183404,1.2031683810350569]},{"species":[{"element":"Hg","occu":1}],"abc":[0.3457685794051482,0.17288426334740098,0.25000019129628687],"properties":{},"label":"Hg","xyz":[1.7156040561252395,-0.9905072964404287,1.203171245112049]},{"species":[{"element":"Hg","occu":1}],"abc":[0.17288439258194793,0.8271153537274919,0.7499998572021516],"properties":{},"label":"Hg","xyz":[3.3078073394807785,3.7482900964643053,3.609510263701073]},{"species":[{"element":"Hg","occu":1}],"abc":[0.1728846225548718,0.3457689043443368,0.7500000721811024],"properties":{},"label":"Hg","xyz":[1.7156064808289642,0.9905071856449393,3.6095111599053356]},{"species":[{"element":"Hg","occu":1}],"abc":[0.654231364155118,0.8271153890801766,0.7500000466328336],"properties":{},"label":"Hg","xyz":[4.900010770544169,0.9905057327762051,3.6095112372665317]}]}'), (3, '{"@module":"pymatgen.core.structure","@class":"Structure","charge":0.0,"lattice":{"matrix":[[3.664312568789083,-6.346810120240524,-0.000019536461778143783],[3.664304474419913,6.34680544697434,0.000021955205670155253],[1.8886980734305205e-6,0.00001785026454783888,4.446250979028637]],"pbc":[true,true,true],"a":7.328655081565434,"b":7.328646987232976,"c":4.446250979064869,"alpha":89.99961697679068,"beta":90.00033977484911,"gamma":120.00030685557138,"volume":206.80991100468083},"properties":{"charge":0,"spin":0},"sites":[{"species":[{"element":"Li","occu":1}],"abc":[0.333334276648639,0.6666664542986753,0.2821453398946673],"properties":{},"label":"Li","xyz":[3.66431038385148,2.1155979593702234,1.2544971183617943]},{"species":[{"element":"Li","occu":1}],"abc":[0.666665702525054,0.3333336233688108,0.7178544492357296],"properties":{},"label":"Li","xyz":[3.66430875633841,-2.1155841572545837,3.1917553418336673]},{"species":[{"element":"Hg","occu":1}],"abc":[0.8119298370329925,0.18803088931223108,0.22578036504914029],"properties":{},"label":"Hg","xyz":[3.6641675622817704,-3.959765003880693,1.0038644351658024]},{"species":[{"element":"Hg","occu":1}],"abc":[0.8119712718743224,0.62390122499523,0.2257764280440466],"properties":{},"label":"Hg","xyz":[5.261481013794328,-1.1936437623338607,1.0038564990664254]},{"species":[{"element":"Hg","occu":1}],"abc":[0.3760988578387418,0.18806845859440952,0.22577688933731768],"properties":{},"label":"Hg","xyz":[2.067284292634847,-1.1933900895535587,1.0038574966988165]},{"species":[{"element":"Hg","occu":1}],"abc":[0.18803197824567497,0.811931147616038,0.7742195194240118],"properties":{},"label":"Hg","xyz":[3.66417234061716,3.9597795878223416,3.442388448857873]},{"species":[{"element":"Hg","occu":1}],"abc":[0.18806689574145866,0.3760988848861217,0.7742232414293174],"properties":{},"label":"Hg","xyz":[2.0672781788250734,1.1934153941117818,3.442395428358477]},{"species":[{"element":"Hg","occu":1}],"abc":[0.6239009300765019,0.8119701790876639,0.7742231987580211],"properties":{},"label":"Hg","xyz":[5.2614754423588534,1.193649838466214,3.44239629362014]},{"species":[{"element":"Li","occu":1}],"abc":[-5.482153959199025e-8,-1.9249985101997838e-7,0.5000001326327096],"properties":{},"label":"Li","xyz":[3.808796523343166e-8,8.051317440742656e-6,2.2231260792294782]}]}')]
2026-09-10 02:15:55 - mpelectroml.intercalation - INFO - 4 6 sites
2026-09-10 02:16:03 - mpelectroml.intercalation - INFO - -0.911347583496438 -0.911347583496438
2026-09-10 02:16:07 - mpelectroml.intercalation - INFO - -0.17547150012241453 -0.911347583496438
2026-09-10 02:16:23 - mpelectroml.intercalation - INFO - 0.5837595904232398 -0.911347583496438
2026-09-10 02:16:32 - mpelectroml.intercalation - INFO - stopped - failed checks
2026-09-10 02:16:32 - mpelectroml.intercalation - INFO - 3 intercalated [(2, '{"@module":"pymatgen.core.structure","@class":"Structure","charge":0.0,"lattice":{"matrix":[[3.3078078977409966,-5.7293069845673354,1.2858919401049736e-7],[3.3078079653408414,5.729307023595989,2.8757013326206467e-7],[2.9998212475773354e-7,6.529566746730523e-8,4.812680921142422]],"pbc":[true,true,true],"a":6.615629343590055,"b":6.615629411189742,"c":4.812680921142432,"alpha":89.99999505057437,"beta":89.99999777387666,"gamma":120.00013514951762,"volume":182.4145362569045},"properties":{"charge":0,"spin":0},"sites":[{"species":[{"element":"Li","occu":1}],"abc":[0.3333330525704158,0.6666669371912856,0.2500000499648158],"properties":{},"label":"Li","xyz":[3.3078079839367995,1.9097721956943445,1.2031707053268499]},{"species":[{"element":"Li","occu":1}],"abc":[0.666666926038224,0.3333330414830787,0.7500000358630131],"properties":{},"label":"Li","xyz":[3.307808037827571,-1.9097720909934632,3.6095110450368453]},{"species":[{"element":"Hg","occu":1}],"abc":[0.8271153250540652,0.1728844656473427,0.2500001921208156],"properties":{},"label":"Hg","xyz":[3.3078072921040125,-3.748289409247048,1.2031713109762912]},{"species":[{"element":"Hg","occu":1}],"abc":[0.8271157383248354,0.6542316464540262,0.24999955456299477],"properties":{},"label":"Hg","xyz":[4.900012697890845,-0.9905059932183404,1.2031683810350569]},{"species":[{"element":"Hg","occu":1}],"abc":[0.3457685794051482,0.17288426334740098,0.25000019129628687],"properties":{},"label":"Hg","xyz":[1.7156040561252395,-0.9905072964404287,1.203171245112049]},{"species":[{"element":"Hg","occu":1}],"abc":[0.17288439258194793,0.8271153537274919,0.7499998572021516],"properties":{},"label":"Hg","xyz":[3.3078073394807785,3.7482900964643053,3.609510263701073]},{"species":[{"element":"Hg","occu":1}],"abc":[0.1728846225548718,0.3457689043443368,0.7500000721811024],"properties":{},"label":"Hg","xyz":[1.7156064808289642,0.9905071856449393,3.6095111599053356]},{"species":[{"element":"Hg","occu":1}],"abc":[0.654231364155118,0.8271153890801766,0.7500000466328336],"properties":{},"label":"Hg","xyz":[4.900010770544169,0.9905057327762051,3.6095112372665317]}]}'), (3, '{"@module":"pymatgen.core.structure","@class":"Structure","charge":0.0,"lattice":{"matrix":[[3.664312568789083,-6.346810120240524,-0.000019536461778143783],[3.664304474419913,6.34680544697434,0.000021955205670155253],[1.8886980734305205e-6,0.00001785026454783888,4.446250979028637]],"pbc":[true,true,true],"a":7.328655081565434,"b":7.328646987232976,"c":4.446250979064869,"alpha":89.99961697679068,"beta":90.00033977484911,"gamma":120.00030685557138,"volume":206.80991100468083},"properties":{"charge":0,"spin":0},"sites":[{"species":[{"element":"Li","occu":1}],"abc":[0.333334276648639,0.6666664542986753,0.2821453398946673],"properties":{},"label":"Li","xyz":[3.66431038385148,2.1155979593702234,1.2544971183617943]},{"species":[{"element":"Li","occu":1}],"abc":[0.666665702525054,0.3333336233688108,0.7178544492357296],"properties":{},"label":"Li","xyz":[3.66430875633841,-2.1155841572545837,3.1917553418336673]},{"species":[{"element":"Hg","occu":1}],"abc":[0.8119298370329925,0.18803088931223108,0.22578036504914029],"properties":{},"label":"Hg","xyz":[3.6641675622817704,-3.959765003880693,1.0038644351658024]},{"species":[{"element":"Hg","occu":1}],"abc":[0.8119712718743224,0.62390122499523,0.2257764280440466],"properties":{},"label":"Hg","xyz":[5.261481013794328,-1.1936437623338607,1.0038564990664254]},{"species":[{"element":"Hg","occu":1}],"abc":[0.3760988578387418,0.18806845859440952,0.22577688933731768],"properties":{},"label":"Hg","xyz":[2.067284292634847,-1.1933900895535587,1.0038574966988165]},{"species":[{"element":"Hg","occu":1}],"abc":[0.18803197824567497,0.811931147616038,0.7742195194240118],"properties":{},"label":"Hg","xyz":[3.66417234061716,3.9597795878223416,3.442388448857873]},{"species":[{"element":"Hg","occu":1}],"abc":[0.18806689574145866,0.3760988848861217,0.7742232414293174],"properties":{},"label":"Hg","xyz":[2.0672781788250734,1.1934153941117818,3.442395428358477]},{"species":[{"element":"Hg","occu":1}],"abc":[0.6239009300765019,0.8119701790876639,0.7742231987580211],"properties":{},"label":"Hg","xyz":[5.2614754423588534,1.193649838466214,3.44239629362014]},{"species":[{"element":"Li","occu":1}],"abc":[-5.482153959199025e-8,-1.9249985101997838e-7,0.5000001326327096],"properties":{},"label":"Li","xyz":[3.808796523343166e-8,8.051317440742656e-6,2.2231260792294782]}]}')]
2026-09-10 02:16:38 - mpelectroml.intercalation - INFO - Processed up to row 7734, saving intermediate results to ./Li_Na_intercalation_data.h5...
2026-09-10 02:16:38 - mpelectroml.intercalation - INFO - All specified rows (7734 to 7734) processed.
2026-09-10 02:16:38 - mpelectroml.intercalation - INFO - Final DataFrame saved to ./Li_Na_intercalation_data.h5 (key: intercalation_data).
2026-09-10 02:16:38 - __main__ - INFO - Workflow complete.
Job done
Thu Sep 10 02:16:41 AM CDT 2026
